#
# There is insufficient memory for the Java Runtime Environment to continue.
# Native memory allocation (mmap) failed to map 313524224 bytes. Error detail: G1 virtual space
# Possible reasons:
#   The system is out of physical RAM or swap space
#   This process is running with CompressedOops enabled, and the Java Heap may be blocking the growth of the native heap
# Possible solutions:
#   Reduce memory load on the system
#   Increase physical memory or swap space
#   Check if swap backing store is full
#   Decrease Java heap size (-Xmx/-Xms)
#   Decrease number of Java threads
#   Decrease Java thread stack sizes (-Xss)
#   Set larger code cache with -XX:ReservedCodeCacheSize=
#   JVM is running with Unscaled Compressed Oops mode in which the Java heap is
#     placed in the first 4GB address space. The Java Heap base address is the
#     maximum limit for the native heap growth. Please use -XX:HeapBaseMinAddress
#     to set the Java Heap base and to place the Java Heap above 4GB virtual address.
# This output file may be truncated or incomplete.
#
#  Out of Memory Error (os_windows.cpp:3925), pid=46632, tid=50096
#
# JRE version: OpenJDK Runtime Environment (21.0.9) (build 21.0.9+-14787801-b1163.94)
# Java VM: OpenJDK 64-Bit Server VM (21.0.9+-14787801-b1163.94, mixed mode, tiered, compressed oops, compressed class ptrs, g1 gc, windows-amd64)
# No core dump will be written. Minidumps are not enabled by default on client versions of Windows
#

---------------  S U M M A R Y ------------

Command Line: --add-opens=java.base/java.lang=ALL-UNNAMED --add-opens=java.base/java.lang.invoke=ALL-UNNAMED --add-opens=java.base/java.util=ALL-UNNAMED --add-opens=java.prefs/java.util.prefs=ALL-UNNAMED --add-exports=jdk.compiler/com.sun.tools.javac.api=ALL-UNNAMED --add-exports=jdk.compiler/com.sun.tools.javac.util=ALL-UNNAMED --add-opens=java.base/java.util=ALL-UNNAMED --add-opens=java.prefs/java.util.prefs=ALL-UNNAMED --add-opens=java.base/java.nio.charset=ALL-UNNAMED --add-opens=java.base/java.net=ALL-UNNAMED --add-opens=java.base/java.util.concurrent=ALL-UNNAMED --add-opens=java.base/java.util.concurrent.atomic=ALL-UNNAMED --add-opens=java.xml/javax.xml.namespace=ALL-UNNAMED --add-opens=java.base/java.time=ALL-UNNAMED -Xmx2048m -Dfile.encoding=UTF-8 -Duser.country=MX -Duser.language=es -Duser.variant -javaagent:C:\Users\jonat\.gradle\wrapper\dists\gradle-9.3.1-bin\23ovyewtku6u96viwx3xl3oks\gradle-9.3.1\lib\agents\gradle-instrumentation-agent-9.3.1.jar org.gradle.launcher.daemon.bootstrap.GradleDaemon 9.3.1

Host: AMD Ryzen 5 7535HS with Radeon Graphics        , 12 cores, 7G,  Windows 11 , 64 bit Build 26100 (10.0.26100.7920)
Time: Tue Mar 17 19:12:22 2026 Hora estándar central (México) elapsed time: 62.404257 seconds (0d 0h 1m 2s)

---------------  T H R E A D  ---------------

Current thread (0x000001d26e383dd0):  VMThread "VM Thread"          [id=50096, stack(0x00000080c1500000,0x00000080c1600000) (1024K)]

Stack: [0x00000080c1500000,0x00000080c1600000]
Native frames: (J=compiled Java code, j=interpreted, Vv=VM code, C=native code)
V  [jvm.dll+0x6d6c99]
V  [jvm.dll+0x866b83]
V  [jvm.dll+0x8691ae]
V  [jvm.dll+0x869893]
V  [jvm.dll+0x280776]
V  [jvm.dll+0x6d3555]
V  [jvm.dll+0x6c6bea]
V  [jvm.dll+0x3587fb]
V  [jvm.dll+0x360476]
V  [jvm.dll+0x3b2646]
V  [jvm.dll+0x3b2918]
V  [jvm.dll+0x32af0c]
V  [jvm.dll+0x32af97]
V  [jvm.dll+0x370e7c]
V  [jvm.dll+0x36f62e]
V  [jvm.dll+0x32a661]
V  [jvm.dll+0x36ed30]
V  [jvm.dll+0x86f618]
V  [jvm.dll+0x870994]
V  [jvm.dll+0x870ed0]
V  [jvm.dll+0x871163]
V  [jvm.dll+0x80f118]
V  [jvm.dll+0x6d54ed]
C  [ucrtbase.dll+0x37b0]
C  [KERNEL32.DLL+0x2e8d7]
C  [ntdll.dll+0x8c48c]

VM_Operation (0x00000080c5ef9bd0): G1CollectForAllocation, mode: safepoint, requested by thread 0x000001d2754e5510


---------------  P R O C E S S  ---------------

Threads class SMR info:
_java_thread_list=0x000001d276f6eaf0, length=187, elements={
0x000001d2545e5b60, 0x000001d26e5786e0, 0x000001d26e58d7d0, 0x000001d26e58de40,
0x000001d26e596ab0, 0x000001d26e597120, 0x000001d26e597790, 0x000001d26e597e00,
0x000001d26e5b1f90, 0x000001d26e5c2650, 0x000001d26e8c0330, 0x000001d26e7a04c0,
0x000001d274329240, 0x000001d274010000, 0x000001d2743fe950, 0x000001d2743ff800,
0x000001d274364620, 0x000001d2743aa6e0, 0x000001d2743ac120, 0x000001d2743aad70,
0x000001d2743ab400, 0x000001d2743a99c0, 0x000001d2743ac7b0, 0x000001d2743aba90,
0x000001d2755bb880, 0x000001d2755bed00, 0x000001d2755bcc30, 0x000001d2755bf390,
0x000001d2755bd2c0, 0x000001d2755bbf10, 0x000001d2755bfa20, 0x000001d2755bc5a0,
0x000001d2755c1460, 0x000001d2755bdfe0, 0x000001d2755c00b0, 0x000001d2755c0740,
0x000001d2755c0dd0, 0x000001d2755c2180, 0x000001d2755c2810, 0x000001d2755c2ea0,
0x000001d27486a7d0, 0x000001d274869420, 0x000001d27486a140, 0x000001d27486ae60,
0x000001d274869ab0, 0x000001d274868d90, 0x000001d27486b4f0, 0x000001d274868070,
0x000001d274868700, 0x000001d2754e2090, 0x000001d2754e0ce0, 0x000001d2754e1370,
0x000001d2754dffc0, 0x000001d2754e2720, 0x000001d2754e2db0, 0x000001d2754e0650,
0x000001d2754e3440, 0x000001d2754e4e80, 0x000001d2754e3ad0, 0x000001d2754e4160,
0x000001d2754e47f0, 0x000001d2754e1a00, 0x000001d2754e5510, 0x000001d2754e6f50,
0x000001d2754e75e0, 0x000001d2754e5ba0, 0x000001d2754e6230, 0x000001d2754e68c0,
0x000001d277108460, 0x000001d2771070b0, 0x000001d277108af0, 0x000001d277109180,
0x000001d277109810, 0x000001d277106390, 0x000001d277109ea0, 0x000001d27710a530,
0x000001d27710abc0, 0x000001d277107740, 0x000001d27710cc90, 0x000001d27710b250,
0x000001d27710d320, 0x000001d27710b8e0, 0x000001d27710bf70, 0x000001d27710c600,
0x000001d26e8e8080, 0x000001d26e8e8710, 0x000001d26e8e79f0, 0x000001d26e8ea150,
0x000001d26e8e8da0, 0x000001d26e8e9430, 0x000001d26e8e9ac0, 0x000001d26e8ea7e0,
0x000001d26e8e7360, 0x000001d26e8ec220, 0x000001d26e8ecf40, 0x000001d26e8ec8b0,
0x000001d26e8edc60, 0x000001d26e8ed5d0, 0x000001d26e8ee2f0, 0x000001d2752667a0,
0x000001d275264d60, 0x000001d275266e30, 0x000001d275266110, 0x000001d2752653f0,
0x000001d2752646d0, 0x000001d275265a80, 0x000001d2752674c0, 0x000001d275264040,
0x000001d275267b50, 0x000001d275268870, 0x000001d26e8ee980, 0x000001d2785bb190,
0x000001d2785bc540, 0x000001d2785bd260, 0x000001d2785bd8f0, 0x000001d2785beca0,
0x000001d2785bb820, 0x000001d2785bf330, 0x000001d2785bdf80, 0x000001d2785be610,
0x000001d2785bbeb0, 0x000001d2785c2120, 0x000001d2785c0d70, 0x000001d2785c1a90,
0x000001d2785c27b0, 0x000001d2785c1400, 0x000001d2785bf9c0, 0x000001d2785c0050,
0x000001d2785c06e0, 0x000001d276c3f3d0, 0x000001d276c400f0, 0x000001d276c3d990,
0x000001d276c3cc70, 0x000001d276c42850, 0x000001d276c40780, 0x000001d276c40e10,
0x000001d276c42ee0, 0x000001d2770d0b40, 0x000001d2770ce3e0, 0x000001d2770cf790,
0x000001d2770cea70, 0x000001d2770d11d0, 0x000001d2770d1860, 0x000001d2770cfe20,
0x000001d2770cf100, 0x000001d27526afd0, 0x000001d275268f00, 0x000001d26e8ebb90,
0x000001d27ed48ff0, 0x000001d27ed4aa30, 0x000001d27ed4b750, 0x000001d27ed49d10,
0x000001d27ed4a3a0, 0x000001d27ed4b0c0, 0x000001d27ed4bde0, 0x000001d27ed48960,
0x000001d27ed4f260, 0x000001d27ed4f8f0, 0x000001d27ed4d190, 0x000001d27ed4cb00,
0x000001d27ed4e540, 0x000001d27ed4d820, 0x000001d27ed4deb0, 0x000001d27ed4c470,
0x000001d27ed50610, 0x000001d27ed4ebd0, 0x000001d27ed50ca0, 0x000001d27ed526e0,
0x000001d27ed51330, 0x000001d27ed519c0, 0x000001d27ed52d70, 0x000001d27ed4ff80,
0x000001d27ed56880, 0x000001d27ed53a90, 0x000001d27ed54e40, 0x000001d27ed56f10,
0x000001d27ed554d0, 0x000001d27ed575a0, 0x000001d27ed55b60, 0x000001d27ed561f0,
0x000001d27d785c80, 0x000001d27d78dfc0, 0x000001d27d792160, 0x000001d27d794230,
0x000001d27d7948c0, 0x000001d27d792e80, 0x000001d27d794f50
}

Java Threads: ( => current thread )
  0x000001d2545e5b60 JavaThread "main"                              [_thread_blocked, id=58300, stack(0x00000080c0e00000,0x00000080c0f00000) (1024K)]
  0x000001d26e5786e0 JavaThread "Common-Cleaner"             daemon [_thread_blocked, id=19524, stack(0x00000080c1600000,0x00000080c1700000) (1024K)]
  0x000001d26e58d7d0 JavaThread "Reference Handler"          daemon [_thread_blocked, id=26984, stack(0x00000080c1700000,0x00000080c1800000) (1024K)]
  0x000001d26e58de40 JavaThread "Finalizer"                  daemon [_thread_blocked, id=58988, stack(0x00000080c1800000,0x00000080c1900000) (1024K)]
  0x000001d26e596ab0 JavaThread "Signal Dispatcher"          daemon [_thread_blocked, id=39964, stack(0x00000080c1900000,0x00000080c1a00000) (1024K)]
  0x000001d26e597120 JavaThread "Attach Listener"            daemon [_thread_blocked, id=56596, stack(0x00000080c1a00000,0x00000080c1b00000) (1024K)]
  0x000001d26e597790 JavaThread "Service Thread"             daemon [_thread_blocked, id=41024, stack(0x00000080c1b00000,0x00000080c1c00000) (1024K)]
  0x000001d26e597e00 JavaThread "Monitor Deflation Thread"   daemon [_thread_blocked, id=47392, stack(0x00000080c1c00000,0x00000080c1d00000) (1024K)]
  0x000001d26e5b1f90 JavaThread "C2 CompilerThread0"         daemon [_thread_blocked, id=46916, stack(0x00000080c1d00000,0x00000080c1e00000) (1024K)]
  0x000001d26e5c2650 JavaThread "C1 CompilerThread0"         daemon [_thread_blocked, id=16808, stack(0x00000080c1e00000,0x00000080c1f00000) (1024K)]
  0x000001d26e8c0330 JavaThread "Notification Thread"        daemon [_thread_blocked, id=49552, stack(0x00000080c1f00000,0x00000080c2000000) (1024K)]
  0x000001d26e7a04c0 JavaThread "Daemon health stats"               [_thread_blocked, id=54936, stack(0x00000080c2800000,0x00000080c2900000) (1024K)]
  0x000001d274329240 JavaThread "Incoming local TCP Connector on port 58482"        [_thread_in_native, id=47976, stack(0x00000080c2900000,0x00000080c2a00000) (1024K)]
  0x000001d274010000 JavaThread "Daemon periodic checks"            [_thread_blocked, id=61936, stack(0x00000080c2a00000,0x00000080c2b00000) (1024K)]
  0x000001d2743fe950 JavaThread "Daemon"                            [_thread_blocked, id=60100, stack(0x00000080c2b00000,0x00000080c2c00000) (1024K)]
  0x000001d2743ff800 JavaThread "Handler for socket connection from /127.0.0.1:58482 to /127.0.0.1:58484"        [_thread_in_native, id=57012, stack(0x00000080c2c00000,0x00000080c2d00000) (1024K)]
  0x000001d274364620 JavaThread "Cancel handler"                    [_thread_blocked, id=45756, stack(0x00000080c2d00000,0x00000080c2e00000) (1024K)]
  0x000001d2743aa6e0 JavaThread "Daemon worker"                     [_thread_blocked, id=53696, stack(0x00000080c2e00000,0x00000080c2f00000) (1024K)]
  0x000001d2743ac120 JavaThread "Asynchronous log dispatcher for DefaultDaemonConnection: socket connection from /127.0.0.1:58482 to /127.0.0.1:58484"        [_thread_blocked, id=50900, stack(0x00000080c2f00000,0x00000080c3000000) (1024K)]
  0x000001d2743aad70 JavaThread "Stdin handler"                     [_thread_blocked, id=57520, stack(0x00000080c3000000,0x00000080c3100000) (1024K)]
  0x000001d2743ab400 JavaThread "Daemon client event forwarder"        [_thread_blocked, id=53772, stack(0x00000080c3100000,0x00000080c3200000) (1024K)]
  0x000001d2743a99c0 JavaThread "Cache worker for journal cache (C:\Users\jonat\.gradle\caches\journal-1)"        [_thread_blocked, id=53648, stack(0x00000080c3500000,0x00000080c3600000) (1024K)]
  0x000001d2743ac7b0 JavaThread "File lock request listener"        [_thread_in_native, id=45732, stack(0x00000080c3600000,0x00000080c3700000) (1024K)]
  0x000001d2743aba90 JavaThread "Cache worker for file hash cache (C:\Users\jonat\.gradle\caches\9.3.1\fileHashes)"        [_thread_blocked, id=54660, stack(0x00000080c3700000,0x00000080c3800000) (1024K)]
  0x000001d2755bb880 JavaThread "Cache worker for file hash cache (C:\Users\jonat\Desktop\Asiste al bolante\BioSensorWatch\.gradle\9.3.1\fileHashes)"        [_thread_blocked, id=57852, stack(0x00000080c3800000,0x00000080c3900000) (1024K)]
  0x000001d2755bed00 JavaThread "Cache worker for Build Output Cleanup Cache (C:\Users\jonat\Desktop\Asiste al bolante\BioSensorWatch\.gradle\buildOutputCleanup)"        [_thread_blocked, id=47660, stack(0x00000080c3900000,0x00000080c3a00000) (1024K)]
  0x000001d2755bcc30 JavaThread "File watcher server"        daemon [_thread_blocked, id=49600, stack(0x00000080c3a00000,0x00000080c3b00000) (1024K)]
  0x000001d2755bf390 JavaThread "File watcher consumer"      daemon [_thread_blocked, id=52448, stack(0x00000080c3b00000,0x00000080c3c00000) (1024K)]
  0x000001d2755bd2c0 JavaThread "Cache worker for checksums cache (C:\Users\jonat\Desktop\Asiste al bolante\BioSensorWatch\.gradle\9.3.1\checksums)"        [_thread_blocked, id=61900, stack(0x00000080c3c00000,0x00000080c3d00000) (1024K)]
  0x000001d2755bbf10 JavaThread "Cache worker for file content cache (C:\Users\jonat\.gradle\caches\9.3.1\fileContent)"        [_thread_blocked, id=34960, stack(0x00000080c3d00000,0x00000080c3e00000) (1024K)]
  0x000001d2755bfa20 JavaThread "Cache worker for cache directory md-supplier (C:\Users\jonat\.gradle\caches\9.3.1\md-supplier)"        [_thread_blocked, id=35076, stack(0x00000080c3e00000,0x00000080c3f00000) (1024K)]
  0x000001d2755bc5a0 JavaThread "Cache worker for cache directory md-rule (C:\Users\jonat\.gradle\caches\9.3.1\md-rule)"        [_thread_blocked, id=53388, stack(0x00000080c3f00000,0x00000080c4000000) (1024K)]
  0x000001d2755c1460 JavaThread "jar transforms"                    [_thread_blocked, id=46536, stack(0x00000080c4000000,0x00000080c4100000) (1024K)]
  0x000001d2755bdfe0 JavaThread "jar transforms Thread 2"           [_thread_blocked, id=48088, stack(0x00000080c4100000,0x00000080c4200000) (1024K)]
  0x000001d2755c00b0 JavaThread "jar transforms Thread 3"           [_thread_blocked, id=63092, stack(0x00000080c4200000,0x00000080c4300000) (1024K)]
  0x000001d2755c0740 JavaThread "jar transforms Thread 4"           [_thread_blocked, id=54580, stack(0x00000080c4300000,0x00000080c4400000) (1024K)]
  0x000001d2755c0dd0 JavaThread "jar transforms Thread 5"           [_thread_blocked, id=63088, stack(0x00000080c4400000,0x00000080c4500000) (1024K)]
  0x000001d2755c2180 JavaThread "Unconstrained build operations"        [_thread_blocked, id=62228, stack(0x00000080c4500000,0x00000080c4600000) (1024K)]
  0x000001d2755c2810 JavaThread "Unconstrained build operations Thread 2"        [_thread_blocked, id=59440, stack(0x00000080c4600000,0x00000080c4700000) (1024K)]
  0x000001d2755c2ea0 JavaThread "Unconstrained build operations Thread 3"        [_thread_blocked, id=35928, stack(0x00000080c4700000,0x00000080c4800000) (1024K)]
  0x000001d27486a7d0 JavaThread "Unconstrained build operations Thread 4"        [_thread_blocked, id=62140, stack(0x00000080c4800000,0x00000080c4900000) (1024K)]
  0x000001d274869420 JavaThread "Unconstrained build operations Thread 5"        [_thread_blocked, id=56224, stack(0x00000080c4900000,0x00000080c4a00000) (1024K)]
  0x000001d27486a140 JavaThread "Unconstrained build operations Thread 6"        [_thread_blocked, id=38580, stack(0x00000080c4a00000,0x00000080c4b00000) (1024K)]
  0x000001d27486ae60 JavaThread "Unconstrained build operations Thread 7"        [_thread_blocked, id=51140, stack(0x00000080c4b00000,0x00000080c4c00000) (1024K)]
  0x000001d274869ab0 JavaThread "Unconstrained build operations Thread 8"        [_thread_blocked, id=52840, stack(0x00000080c4c00000,0x00000080c4d00000) (1024K)]
  0x000001d274868d90 JavaThread "Unconstrained build operations Thread 9"        [_thread_blocked, id=60676, stack(0x00000080c4d00000,0x00000080c4e00000) (1024K)]
  0x000001d27486b4f0 JavaThread "Unconstrained build operations Thread 10"        [_thread_blocked, id=63220, stack(0x00000080c4e00000,0x00000080c4f00000) (1024K)]
  0x000001d274868070 JavaThread "Unconstrained build operations Thread 11"        [_thread_blocked, id=59824, stack(0x00000080c4f00000,0x00000080c5000000) (1024K)]
  0x000001d274868700 JavaThread "Unconstrained build operations Thread 12"        [_thread_blocked, id=61264, stack(0x00000080c5000000,0x00000080c5100000) (1024K)]
  0x000001d2754e2090 JavaThread "Unconstrained build operations Thread 13"        [_thread_blocked, id=58952, stack(0x00000080c5100000,0x00000080c5200000) (1024K)]
  0x000001d2754e0ce0 JavaThread "Unconstrained build operations Thread 14"        [_thread_blocked, id=57532, stack(0x00000080c5200000,0x00000080c5300000) (1024K)]
  0x000001d2754e1370 JavaThread "Unconstrained build operations Thread 15"        [_thread_blocked, id=49180, stack(0x00000080c5300000,0x00000080c5400000) (1024K)]
  0x000001d2754dffc0 JavaThread "Unconstrained build operations Thread 16"        [_thread_blocked, id=59884, stack(0x00000080c5400000,0x00000080c5500000) (1024K)]
  0x000001d2754e2720 JavaThread "Unconstrained build operations Thread 17"        [_thread_blocked, id=40952, stack(0x00000080c5500000,0x00000080c5600000) (1024K)]
  0x000001d2754e2db0 JavaThread "Unconstrained build operations Thread 18"        [_thread_blocked, id=60260, stack(0x00000080c5600000,0x00000080c5700000) (1024K)]
  0x000001d2754e0650 JavaThread "Unconstrained build operations Thread 19"        [_thread_blocked, id=52516, stack(0x00000080c5700000,0x00000080c5800000) (1024K)]
  0x000001d2754e3440 JavaThread "Unconstrained build operations Thread 20"        [_thread_blocked, id=59364, stack(0x00000080c5800000,0x00000080c5900000) (1024K)]
  0x000001d2754e4e80 JavaThread "jar transforms Thread 6"           [_thread_blocked, id=59816, stack(0x00000080c5900000,0x00000080c5a00000) (1024K)]
  0x000001d2754e3ad0 JavaThread "jar transforms Thread 7"           [_thread_blocked, id=54436, stack(0x00000080c5a00000,0x00000080c5b00000) (1024K)]
  0x000001d2754e4160 JavaThread "Unconstrained build operations Thread 21"        [_thread_blocked, id=62520, stack(0x00000080c5b00000,0x00000080c5c00000) (1024K)]
  0x000001d2754e47f0 JavaThread "Unconstrained build operations Thread 22"        [_thread_blocked, id=49236, stack(0x00000080c5c00000,0x00000080c5d00000) (1024K)]
  0x000001d2754e1a00 JavaThread "Unconstrained build operations Thread 23"        [_thread_blocked, id=51996, stack(0x00000080c5d00000,0x00000080c5e00000) (1024K)]
  0x000001d2754e5510 JavaThread "Unconstrained build operations Thread 24"        [_thread_blocked, id=63052, stack(0x00000080c5e00000,0x00000080c5f00000) (1024K)]
  0x000001d2754e6f50 JavaThread "Unconstrained build operations Thread 25"        [_thread_blocked, id=4240, stack(0x00000080c5f00000,0x00000080c6000000) (1024K)]
  0x000001d2754e75e0 JavaThread "Unconstrained build operations Thread 26"        [_thread_blocked, id=36712, stack(0x00000080c6000000,0x00000080c6100000) (1024K)]
  0x000001d2754e5ba0 JavaThread "Unconstrained build operations Thread 27"        [_thread_blocked, id=50088, stack(0x00000080c6100000,0x00000080c6200000) (1024K)]
  0x000001d2754e6230 JavaThread "Unconstrained build operations Thread 28"        [_thread_blocked, id=37724, stack(0x00000080c6200000,0x00000080c6300000) (1024K)]
  0x000001d2754e68c0 JavaThread "Unconstrained build operations Thread 29"        [_thread_blocked, id=51332, stack(0x00000080c6300000,0x00000080c6400000) (1024K)]
  0x000001d277108460 JavaThread "Unconstrained build operations Thread 30"        [_thread_blocked, id=57052, stack(0x00000080c6400000,0x00000080c6500000) (1024K)]
  0x000001d2771070b0 JavaThread "jar transforms Thread 8"           [_thread_blocked, id=55024, stack(0x00000080c6500000,0x00000080c6600000) (1024K)]
  0x000001d277108af0 JavaThread "jar transforms Thread 9"           [_thread_blocked, id=60456, stack(0x00000080c6600000,0x00000080c6700000) (1024K)]
  0x000001d277109180 JavaThread "jar transforms Thread 10"          [_thread_blocked, id=52800, stack(0x00000080c6700000,0x00000080c6800000) (1024K)]
  0x000001d277109810 JavaThread "Unconstrained build operations Thread 31"        [_thread_blocked, id=47576, stack(0x00000080c6800000,0x00000080c6900000) (1024K)]
  0x000001d277106390 JavaThread "Unconstrained build operations Thread 32"        [_thread_blocked, id=58928, stack(0x00000080c6900000,0x00000080c6a00000) (1024K)]
  0x000001d277109ea0 JavaThread "Unconstrained build operations Thread 33"        [_thread_blocked, id=35364, stack(0x00000080c6a00000,0x00000080c6b00000) (1024K)]
  0x000001d27710a530 JavaThread "Unconstrained build operations Thread 34"        [_thread_blocked, id=62356, stack(0x00000080c6b00000,0x00000080c6c00000) (1024K)]
  0x000001d27710abc0 JavaThread "Unconstrained build operations Thread 35"        [_thread_blocked, id=36244, stack(0x00000080c6c00000,0x00000080c6d00000) (1024K)]
  0x000001d277107740 JavaThread "Unconstrained build operations Thread 36"        [_thread_blocked, id=58856, stack(0x00000080c6d00000,0x00000080c6e00000) (1024K)]
  0x000001d27710cc90 JavaThread "Unconstrained build operations Thread 37"        [_thread_blocked, id=37148, stack(0x00000080c6e00000,0x00000080c6f00000) (1024K)]
  0x000001d27710b250 JavaThread "Unconstrained build operations Thread 38"        [_thread_blocked, id=45192, stack(0x00000080c6f00000,0x00000080c7000000) (1024K)]
  0x000001d27710d320 JavaThread "Unconstrained build operations Thread 39"        [_thread_blocked, id=56248, stack(0x00000080c7000000,0x00000080c7100000) (1024K)]
  0x000001d27710b8e0 JavaThread "Unconstrained build operations Thread 40"        [_thread_blocked, id=51988, stack(0x00000080c7100000,0x00000080c7200000) (1024K)]
  0x000001d27710bf70 JavaThread "Unconstrained build operations Thread 41"        [_thread_blocked, id=31748, stack(0x00000080c7200000,0x00000080c7300000) (1024K)]
  0x000001d27710c600 JavaThread "Unconstrained build operations Thread 42"        [_thread_blocked, id=52412, stack(0x00000080c7300000,0x00000080c7400000) (1024K)]
  0x000001d26e8e8080 JavaThread "Unconstrained build operations Thread 43"        [_thread_blocked, id=36736, stack(0x00000080c7400000,0x00000080c7500000) (1024K)]
  0x000001d26e8e8710 JavaThread "Unconstrained build operations Thread 44"        [_thread_blocked, id=53424, stack(0x00000080c7500000,0x00000080c7600000) (1024K)]
  0x000001d26e8e79f0 JavaThread "Unconstrained build operations Thread 45"        [_thread_blocked, id=27204, stack(0x00000080c7600000,0x00000080c7700000) (1024K)]
  0x000001d26e8ea150 JavaThread "Unconstrained build operations Thread 46"        [_thread_blocked, id=62172, stack(0x00000080c7700000,0x00000080c7800000) (1024K)]
  0x000001d26e8e8da0 JavaThread "Unconstrained build operations Thread 47"        [_thread_blocked, id=55260, stack(0x00000080c7800000,0x00000080c7900000) (1024K)]
  0x000001d26e8e9430 JavaThread "Unconstrained build operations Thread 48"        [_thread_blocked, id=43640, stack(0x00000080c7900000,0x00000080c7a00000) (1024K)]
  0x000001d26e8e9ac0 JavaThread "Unconstrained build operations Thread 49"        [_thread_blocked, id=15428, stack(0x00000080c7a00000,0x00000080c7b00000) (1024K)]
  0x000001d26e8ea7e0 JavaThread "Unconstrained build operations Thread 50"        [_thread_blocked, id=58364, stack(0x00000080c7b00000,0x00000080c7c00000) (1024K)]
  0x000001d26e8e7360 JavaThread "Unconstrained build operations Thread 51"        [_thread_blocked, id=56980, stack(0x00000080c7c00000,0x00000080c7d00000) (1024K)]
  0x000001d26e8ec220 JavaThread "Unconstrained build operations Thread 52"        [_thread_blocked, id=53952, stack(0x00000080c7d00000,0x00000080c7e00000) (1024K)]
  0x000001d26e8ecf40 JavaThread "Unconstrained build operations Thread 53"        [_thread_blocked, id=60176, stack(0x00000080c7e00000,0x00000080c7f00000) (1024K)]
  0x000001d26e8ec8b0 JavaThread "Unconstrained build operations Thread 54"        [_thread_blocked, id=50352, stack(0x00000080c7f00000,0x00000080c8000000) (1024K)]
  0x000001d26e8edc60 JavaThread "Unconstrained build operations Thread 55"        [_thread_blocked, id=48580, stack(0x00000080c8000000,0x00000080c8100000) (1024K)]
  0x000001d26e8ed5d0 JavaThread "Unconstrained build operations Thread 56"        [_thread_blocked, id=54584, stack(0x00000080c8100000,0x00000080c8200000) (1024K)]
  0x000001d26e8ee2f0 JavaThread "Unconstrained build operations Thread 57"        [_thread_blocked, id=60068, stack(0x00000080c8200000,0x00000080c8300000) (1024K)]
  0x000001d2752667a0 JavaThread "Unconstrained build operations Thread 58"        [_thread_blocked, id=41176, stack(0x00000080c8300000,0x00000080c8400000) (1024K)]
  0x000001d275264d60 JavaThread "Unconstrained build operations Thread 59"        [_thread_blocked, id=41028, stack(0x00000080c8400000,0x00000080c8500000) (1024K)]
  0x000001d275266e30 JavaThread "Unconstrained build operations Thread 60"        [_thread_blocked, id=56180, stack(0x00000080c8500000,0x00000080c8600000) (1024K)]
  0x000001d275266110 JavaThread "Unconstrained build operations Thread 61"        [_thread_blocked, id=53844, stack(0x00000080c8600000,0x00000080c8700000) (1024K)]
  0x000001d2752653f0 JavaThread "Unconstrained build operations Thread 62"        [_thread_blocked, id=45416, stack(0x00000080c8700000,0x00000080c8800000) (1024K)]
  0x000001d2752646d0 JavaThread "Unconstrained build operations Thread 63"        [_thread_blocked, id=52480, stack(0x00000080c8800000,0x00000080c8900000) (1024K)]
  0x000001d275265a80 JavaThread "Unconstrained build operations Thread 64"        [_thread_blocked, id=47156, stack(0x00000080c8900000,0x00000080c8a00000) (1024K)]
  0x000001d2752674c0 JavaThread "Unconstrained build operations Thread 65"        [_thread_blocked, id=54564, stack(0x00000080c8a00000,0x00000080c8b00000) (1024K)]
  0x000001d275264040 JavaThread "Unconstrained build operations Thread 66"        [_thread_blocked, id=55256, stack(0x00000080c8b00000,0x00000080c8c00000) (1024K)]
  0x000001d275267b50 JavaThread "build event listener"              [_thread_blocked, id=52140, stack(0x00000080c8c00000,0x00000080c8d00000) (1024K)]
  0x000001d275268870 JavaThread "Memory manager"                    [_thread_blocked, id=39464, stack(0x00000080c8d00000,0x00000080c8e00000) (1024K)]
  0x000001d26e8ee980 JavaThread "build event listener"              [_thread_blocked, id=55712, stack(0x00000080c8e00000,0x00000080c8f00000) (1024K)]
  0x000001d2785bb190 JavaThread "pool-3-thread-1"                   [_thread_blocked, id=59716, stack(0x00000080c8f00000,0x00000080c9000000) (1024K)]
  0x000001d2785bc540 JavaThread "build event listener"              [_thread_blocked, id=51596, stack(0x00000080c9000000,0x00000080c9100000) (1024K)]
  0x000001d2785bd260 JavaThread "included builds"                   [_thread_blocked, id=47384, stack(0x00000080c9100000,0x00000080c9200000) (1024K)]
  0x000001d2785bd8f0 JavaThread "Execution worker"                  [_thread_blocked, id=43284, stack(0x00000080c9200000,0x00000080c9300000) (1024K)]
  0x000001d2785beca0 JavaThread "Execution worker Thread 2"         [_thread_blocked, id=51236, stack(0x00000080c9300000,0x00000080c9400000) (1024K)]
  0x000001d2785bb820 JavaThread "Execution worker Thread 3"         [_thread_blocked, id=34964, stack(0x00000080c9400000,0x00000080c9500000) (1024K)]
  0x000001d2785bf330 JavaThread "Execution worker Thread 4"         [_thread_blocked, id=62788, stack(0x00000080c9500000,0x00000080c9600000) (1024K)]
  0x000001d2785bdf80 JavaThread "Execution worker Thread 5"         [_thread_blocked, id=50648, stack(0x00000080c9600000,0x00000080c9700000) (1024K)]
  0x000001d2785be610 JavaThread "Execution worker Thread 6"         [_thread_blocked, id=60036, stack(0x00000080c9700000,0x00000080c9800000) (1024K)]
  0x000001d2785bbeb0 JavaThread "Execution worker Thread 7"         [_thread_blocked, id=14240, stack(0x00000080c9800000,0x00000080c9900000) (1024K)]
  0x000001d2785c2120 JavaThread "Execution worker Thread 8"         [_thread_blocked, id=59196, stack(0x00000080c9900000,0x00000080c9a00000) (1024K)]
  0x000001d2785c0d70 JavaThread "Execution worker Thread 9"         [_thread_blocked, id=56580, stack(0x00000080c9a00000,0x00000080c9b00000) (1024K)]
  0x000001d2785c1a90 JavaThread "Execution worker Thread 10"        [_thread_blocked, id=60308, stack(0x00000080c9b00000,0x00000080c9c00000) (1024K)]
  0x000001d2785c27b0 JavaThread "Execution worker Thread 11"        [_thread_blocked, id=47068, stack(0x00000080c9c00000,0x00000080c9d00000) (1024K)]
  0x000001d2785c1400 JavaThread "Cache worker for execution history cache (C:\Users\jonat\Desktop\Asiste al bolante\BioSensorWatch\.gradle\9.3.1\executionHistory)"        [_thread_blocked, id=52252, stack(0x00000080c9d00000,0x00000080c9e00000) (1024K)]
  0x000001d2785bf9c0 JavaThread "Unconstrained build operations Thread 67"        [_thread_blocked, id=52976, stack(0x00000080c9e00000,0x00000080c9f00000) (1024K)]
  0x000001d2785c0050 JavaThread "Unconstrained build operations Thread 68"        [_thread_blocked, id=63272, stack(0x00000080c9f00000,0x00000080ca000000) (1024K)]
  0x000001d2785c06e0 JavaThread "Unconstrained build operations Thread 69"        [_thread_blocked, id=57984, stack(0x00000080ca000000,0x00000080ca100000) (1024K)]
  0x000001d276c3f3d0 JavaThread "Unconstrained build operations Thread 70"        [_thread_blocked, id=50944, stack(0x00000080ca100000,0x00000080ca200000) (1024K)]
  0x000001d276c400f0 JavaThread "Unconstrained build operations Thread 71"        [_thread_blocked, id=34748, stack(0x00000080ca200000,0x00000080ca300000) (1024K)]
  0x000001d276c3d990 JavaThread "Unconstrained build operations Thread 72"        [_thread_blocked, id=56676, stack(0x00000080ca300000,0x00000080ca400000) (1024K)]
  0x000001d276c3cc70 JavaThread "Unconstrained build operations Thread 73"        [_thread_blocked, id=56380, stack(0x00000080ca400000,0x00000080ca500000) (1024K)]
  0x000001d276c42850 JavaThread "Unconstrained build operations Thread 74"        [_thread_blocked, id=19928, stack(0x00000080ca500000,0x00000080ca600000) (1024K)]
  0x000001d276c40780 JavaThread "Unconstrained build operations Thread 75"        [_thread_blocked, id=62524, stack(0x00000080ca600000,0x00000080ca700000) (1024K)]
  0x000001d276c40e10 JavaThread "Unconstrained build operations Thread 76"        [_thread_blocked, id=49876, stack(0x00000080ca700000,0x00000080ca800000) (1024K)]
  0x000001d276c42ee0 JavaThread "Unconstrained build operations Thread 77"        [_thread_blocked, id=47964, stack(0x00000080ca800000,0x00000080ca900000) (1024K)]
  0x000001d2770d0b40 JavaThread "Unconstrained build operations Thread 78"        [_thread_blocked, id=36944, stack(0x00000080ca900000,0x00000080caa00000) (1024K)]
  0x000001d2770ce3e0 JavaThread "Unconstrained build operations Thread 79"        [_thread_blocked, id=60024, stack(0x00000080caa00000,0x00000080cab00000) (1024K)]
  0x000001d2770cf790 JavaThread "Unconstrained build operations Thread 80"        [_thread_blocked, id=49428, stack(0x00000080cab00000,0x00000080cac00000) (1024K)]
  0x000001d2770cea70 JavaThread "Unconstrained build operations Thread 81"        [_thread_blocked, id=57832, stack(0x00000080cac00000,0x00000080cad00000) (1024K)]
  0x000001d2770d11d0 JavaThread "Unconstrained build operations Thread 82"        [_thread_blocked, id=57484, stack(0x00000080cad00000,0x00000080cae00000) (1024K)]
  0x000001d2770d1860 JavaThread "Unconstrained build operations Thread 83"        [_thread_blocked, id=59556, stack(0x00000080cae00000,0x00000080caf00000) (1024K)]
  0x000001d2770cfe20 JavaThread "Unconstrained build operations Thread 84"        [_thread_blocked, id=43612, stack(0x00000080caf00000,0x00000080cb000000) (1024K)]
  0x000001d2770cf100 JavaThread "Unconstrained build operations Thread 85"        [_thread_blocked, id=52876, stack(0x00000080cb000000,0x00000080cb100000) (1024K)]
  0x000001d27526afd0 JavaThread "Unconstrained build operations Thread 86"        [_thread_blocked, id=46528, stack(0x00000080cb100000,0x00000080cb200000) (1024K)]
  0x000001d275268f00 JavaThread "Unconstrained build operations Thread 87"        [_thread_blocked, id=47088, stack(0x00000080cb200000,0x00000080cb300000) (1024K)]
  0x000001d26e8ebb90 JavaThread "Unconstrained build operations Thread 88"        [_thread_blocked, id=39740, stack(0x00000080cb300000,0x00000080cb400000) (1024K)]
  0x000001d27ed48ff0 JavaThread "Unconstrained build operations Thread 89"        [_thread_blocked, id=58152, stack(0x00000080cb400000,0x00000080cb500000) (1024K)]
  0x000001d27ed4aa30 JavaThread "Unconstrained build operations Thread 90"        [_thread_blocked, id=14928, stack(0x00000080cb500000,0x00000080cb600000) (1024K)]
  0x000001d27ed4b750 JavaThread "Unconstrained build operations Thread 91"        [_thread_blocked, id=58464, stack(0x00000080cb600000,0x00000080cb700000) (1024K)]
  0x000001d27ed49d10 JavaThread "Unconstrained build operations Thread 92"        [_thread_blocked, id=54180, stack(0x00000080cb700000,0x00000080cb800000) (1024K)]
  0x000001d27ed4a3a0 JavaThread "Unconstrained build operations Thread 93"        [_thread_blocked, id=61056, stack(0x00000080cb800000,0x00000080cb900000) (1024K)]
  0x000001d27ed4b0c0 JavaThread "Unconstrained build operations Thread 94"        [_thread_blocked, id=55776, stack(0x00000080cb900000,0x00000080cba00000) (1024K)]
  0x000001d27ed4bde0 JavaThread "Unconstrained build operations Thread 95"        [_thread_blocked, id=48152, stack(0x00000080cba00000,0x00000080cbb00000) (1024K)]
  0x000001d27ed48960 JavaThread "Unconstrained build operations Thread 96"        [_thread_blocked, id=46004, stack(0x00000080cbb00000,0x00000080cbc00000) (1024K)]
  0x000001d27ed4f260 JavaThread "Unconstrained build operations Thread 97"        [_thread_blocked, id=49240, stack(0x00000080cbc00000,0x00000080cbd00000) (1024K)]
  0x000001d27ed4f8f0 JavaThread "Unconstrained build operations Thread 98"        [_thread_blocked, id=39988, stack(0x00000080cbd00000,0x00000080cbe00000) (1024K)]
  0x000001d27ed4d190 JavaThread "Unconstrained build operations Thread 99"        [_thread_blocked, id=61808, stack(0x00000080cbe00000,0x00000080cbf00000) (1024K)]
  0x000001d27ed4cb00 JavaThread "Unconstrained build operations Thread 100"        [_thread_blocked, id=59080, stack(0x00000080cbf00000,0x00000080cc000000) (1024K)]
  0x000001d27ed4e540 JavaThread "Unconstrained build operations Thread 101"        [_thread_blocked, id=50772, stack(0x00000080cc000000,0x00000080cc100000) (1024K)]
  0x000001d27ed4d820 JavaThread "Unconstrained build operations Thread 102"        [_thread_blocked, id=63168, stack(0x00000080cc100000,0x00000080cc200000) (1024K)]
  0x000001d27ed4deb0 JavaThread "Unconstrained build operations Thread 103"        [_thread_blocked, id=59116, stack(0x00000080cc200000,0x00000080cc300000) (1024K)]
  0x000001d27ed4c470 JavaThread "Unconstrained build operations Thread 104"        [_thread_blocked, id=52604, stack(0x00000080cc300000,0x00000080cc400000) (1024K)]
  0x000001d27ed50610 JavaThread "Unconstrained build operations Thread 105"        [_thread_blocked, id=61308, stack(0x00000080cc400000,0x00000080cc500000) (1024K)]
  0x000001d27ed4ebd0 JavaThread "Unconstrained build operations Thread 106"        [_thread_blocked, id=42384, stack(0x00000080cc500000,0x00000080cc600000) (1024K)]
  0x000001d27ed50ca0 JavaThread "Unconstrained build operations Thread 107"        [_thread_blocked, id=55304, stack(0x00000080cc600000,0x00000080cc700000) (1024K)]
  0x000001d27ed526e0 JavaThread "Unconstrained build operations Thread 108"        [_thread_blocked, id=61656, stack(0x00000080cc700000,0x00000080cc800000) (1024K)]
  0x000001d27ed51330 JavaThread "Unconstrained build operations Thread 109"        [_thread_blocked, id=36696, stack(0x00000080cc800000,0x00000080cc900000) (1024K)]
  0x000001d27ed519c0 JavaThread "Unconstrained build operations Thread 110"        [_thread_blocked, id=60896, stack(0x00000080cc900000,0x00000080cca00000) (1024K)]
  0x000001d27ed52d70 JavaThread "Unconstrained build operations Thread 111"        [_thread_blocked, id=55752, stack(0x00000080cca00000,0x00000080ccb00000) (1024K)]
  0x000001d27ed4ff80 JavaThread "WorkerExecutor Queue"              [_thread_in_native, id=35016, stack(0x00000080ccb00000,0x00000080ccc00000) (1024K)]
  0x000001d27ed56880 JavaThread "Unconstrained build operations Thread 112"        [_thread_blocked, id=62976, stack(0x00000080ccc00000,0x00000080ccd00000) (1024K)]
  0x000001d27ed53a90 JavaThread "Unconstrained build operations Thread 113"        [_thread_blocked, id=59664, stack(0x00000080ccd00000,0x00000080cce00000) (1024K)]
  0x000001d27ed54e40 JavaThread "Unconstrained build operations Thread 114"        [_thread_blocked, id=58352, stack(0x00000080cce00000,0x00000080ccf00000) (1024K)]
  0x000001d27ed56f10 JavaThread "Unconstrained build operations Thread 115"        [_thread_blocked, id=57176, stack(0x00000080ccf00000,0x00000080cd000000) (1024K)]
  0x000001d27ed554d0 JavaThread "Unconstrained build operations Thread 116"        [_thread_blocked, id=57348, stack(0x00000080cd000000,0x00000080cd100000) (1024K)]
  0x000001d27ed575a0 JavaThread "Unconstrained build operations Thread 117"        [_thread_blocked, id=54444, stack(0x00000080cd100000,0x00000080cd200000) (1024K)]
  0x000001d27ed55b60 JavaThread "Unconstrained build operations Thread 118"        [_thread_blocked, id=52944, stack(0x00000080cd200000,0x00000080cd300000) (1024K)]
  0x000001d27ed561f0 JavaThread "Unconstrained build operations Thread 119"        [_thread_blocked, id=32860, stack(0x00000080cd300000,0x00000080cd400000) (1024K)]
  0x000001d27d785c80 JavaThread "Unconstrained build operations Thread 120"        [_thread_blocked, id=39840, stack(0x00000080cd400000,0x00000080cd500000) (1024K)]
  0x000001d27d78dfc0 JavaThread "RMI Scheduler(0)"           daemon [_thread_blocked, id=60152, stack(0x00000080cd500000,0x00000080cd600000) (1024K)]
  0x000001d27d792160 JavaThread "RMI RenewClean-[127.0.0.1:17934,org.jetbrains.kotlin.daemon.common.LoopbackNetworkInterface$ClientLoopbackSocketFactory@40211722]" daemon [_thread_blocked, id=62056, stack(0x00000080cd600000,0x00000080cd700000) (1024K)]
  0x000001d27d794230 JavaThread "RMI GC Daemon"              daemon [_thread_blocked, id=51804, stack(0x00000080cd700000,0x00000080cd800000) (1024K)]
  0x000001d27d7948c0 JavaThread "RMI TCP Accept-0"           daemon [_thread_in_native, id=47372, stack(0x00000080cd800000,0x00000080cd900000) (1024K)]
  0x000001d27d792e80 JavaThread "RMI Reaper"                        [_thread_blocked, id=59292, stack(0x00000080cd900000,0x00000080cda00000) (1024K)]
  0x000001d27d794f50 JavaThread "RMI TCP Connection(1)-127.0.0.1" daemon [_thread_in_native, id=21348, stack(0x00000080cda00000,0x00000080cdb00000) (1024K)]
Total: 187

Other Threads:
=>0x000001d26e383dd0 VMThread "VM Thread"                           [id=50096, stack(0x00000080c1500000,0x00000080c1600000) (1024K)]
  0x000001d26e3725c0 WatcherThread "VM Periodic Task Thread"        [id=52872, stack(0x00000080c1400000,0x00000080c1500000) (1024K)]
  0x000001d2568f5b70 WorkerThread "GC Thread#0"                     [id=2472, stack(0x00000080c0f00000,0x00000080c1000000) (1024K)]
  0x000001d26e382f50 WorkerThread "GC Thread#1"                     [id=60920, stack(0x00000080c2000000,0x00000080c2100000) (1024K)]
  0x000001d26e3832f0 WorkerThread "GC Thread#2"                     [id=49944, stack(0x00000080c2100000,0x00000080c2200000) (1024K)]
  0x000001d26e382bb0 WorkerThread "GC Thread#3"                     [id=59032, stack(0x00000080c2200000,0x00000080c2300000) (1024K)]
  0x000001d26e383690 WorkerThread "GC Thread#4"                     [id=54416, stack(0x00000080c2300000,0x00000080c2400000) (1024K)]
  0x000001d273b58fa0 WorkerThread "GC Thread#5"                     [id=62660, stack(0x00000080c2400000,0x00000080c2500000) (1024K)]
  0x000001d273b555a0 WorkerThread "GC Thread#6"                     [id=59484, stack(0x00000080c2500000,0x00000080c2600000) (1024K)]
  0x000001d273b57d80 WorkerThread "GC Thread#7"                     [id=25332, stack(0x00000080c2600000,0x00000080c2700000) (1024K)]
  0x000001d273b57640 WorkerThread "GC Thread#8"                     [id=59288, stack(0x00000080c2700000,0x00000080c2800000) (1024K)]
  0x000001d273b56f00 WorkerThread "GC Thread#9"                     [id=30120, stack(0x00000080c3200000,0x00000080c3300000) (1024K)]
  0x000001d2546abfa0 ConcurrentGCThread "G1 Main Marker"            [id=63192, stack(0x00000080c1000000,0x00000080c1100000) (1024K)]
  0x000001d2546acb10 WorkerThread "G1 Conc#0"                       [id=21536, stack(0x00000080c1100000,0x00000080c1200000) (1024K)]
  0x000001d273b58120 WorkerThread "G1 Conc#1"                       [id=54744, stack(0x00000080c3300000,0x00000080c3400000) (1024K)]
  0x000001d273b55ce0 WorkerThread "G1 Conc#2"                       [id=58404, stack(0x00000080c3400000,0x00000080c3500000) (1024K)]
  0x000001d25695e8c0 ConcurrentGCThread "G1 Refine#0"               [id=49500, stack(0x00000080c1200000,0x00000080c1300000) (1024K)]
  0x000001d26e2491d0 ConcurrentGCThread "G1 Service"                [id=31864, stack(0x00000080c1300000,0x00000080c1400000) (1024K)]
Total: 18

Threads with active compile tasks:
C2 CompilerThread0  62752 16308 %     4       com.android.tools.r8.internal.rv::a @ 3345 (4509 bytes)
C1 CompilerThread0  62752 16557       2       com.android.tools.r8.graph.e::a (239 bytes)
Total: 2

VM state: at safepoint (normal execution)

VM Mutex/Monitor currently owned by a thread:  ([mutex/lock_event])
[0x00007ffd0ffa8690] Threads_lock - owner thread: 0x000001d26e383dd0
[0x00007ffd0ffa8790] Heap_lock - owner thread: 0x000001d2754e5510

Heap address: 0x0000000080000000, size: 2048 MB, Compressed Oops mode: 32-bit

CDS archive(s) not mapped
Compressed class space mapped at: 0x0000000100000000-0x0000000140000000, reserved size: 1073741824
Narrow klass base: 0x0000000000000000, Narrow klass shift: 3, Narrow klass range: 0x140000000

GC Precious Log:
 CardTable entry size: 512
 Card Set container configuration: InlinePtr #cards 5 size 8 Array Of Cards #cards 12 size 40 Howl #buckets 4 coarsen threshold 1843 Howl Bitmap #cards 512 size 80 coarsen threshold 460 Card regions per heap region 1 cards per card region 2048
 CPUs: 12 total, 12 available
 Memory: 7498M
 Large Page Support: Disabled
 NUMA Support: Disabled
 Compressed Oops: Enabled (32-bit)
 Heap Region Size: 1M
 Heap Min Capacity: 8M
 Heap Initial Capacity: 118M
 Heap Max Capacity: 2G
 Pre-touch: Disabled
 Parallel Workers: 10
 Concurrent Workers: 3
 Concurrent Refinement Workers: 10
 Periodic GC: Disabled

Heap:
 garbage-first heap   total 516096K, used 372128K [0x0000000080000000, 0x0000000100000000)
  region size 1024K, 16 young (16384K), 16 survivors (16384K)
 Metaspace       used 136309K, committed 138752K, reserved 1179648K
  class space    used 19366K, committed 20544K, reserved 1048576K

Heap Regions: E=young(eden), S=young(survivor), O=old, HS=humongous(starts), HC=humongous(continues), CS=collection set, F=free, TAMS=top-at-mark-start, PB=parsable bottom
|   0|0x0000000080000000, 0x0000000080100000, 0x0000000080100000|100%|HS|  |TAMS 0x0000000080100000| PB 0x0000000080000000| Complete 
|   1|0x0000000080100000, 0x0000000080200000, 0x0000000080200000|100%|HC|  |TAMS 0x0000000080200000| PB 0x0000000080100000| Complete 
|   2|0x0000000080200000, 0x0000000080300000, 0x0000000080300000|100%|HC|  |TAMS 0x0000000080300000| PB 0x0000000080200000| Complete 
|   3|0x0000000080300000, 0x0000000080400000, 0x0000000080400000|100%|HC|  |TAMS 0x0000000080400000| PB 0x0000000080300000| Complete 
|   4|0x0000000080400000, 0x0000000080500000, 0x0000000080500000|100%| O|  |TAMS 0x0000000080500000| PB 0x0000000080400000| Untracked 
|   5|0x0000000080500000, 0x0000000080600000, 0x0000000080600000|100%| O|  |TAMS 0x0000000080600000| PB 0x0000000080500000| Untracked 
|   6|0x0000000080600000, 0x0000000080700000, 0x0000000080700000|100%| O|  |TAMS 0x0000000080700000| PB 0x0000000080600000| Untracked 
|   7|0x0000000080700000, 0x0000000080800000, 0x0000000080800000|100%|HS|  |TAMS 0x0000000080800000| PB 0x0000000080700000| Complete 
|   8|0x0000000080800000, 0x0000000080900000, 0x0000000080900000|100%| O|  |TAMS 0x0000000080900000| PB 0x0000000080800000| Untracked 
|   9|0x0000000080900000, 0x0000000080a00000, 0x0000000080a00000|100%| O|  |TAMS 0x0000000080a00000| PB 0x0000000080900000| Untracked 
|  10|0x0000000080a00000, 0x0000000080b00000, 0x0000000080b00000|100%| O|  |TAMS 0x0000000080b00000| PB 0x0000000080a00000| Untracked 
|  11|0x0000000080b00000, 0x0000000080c00000, 0x0000000080c00000|100%| O|  |TAMS 0x0000000080c00000| PB 0x0000000080b00000| Untracked 
|  12|0x0000000080c00000, 0x0000000080d00000, 0x0000000080d00000|100%| O|  |TAMS 0x0000000080d00000| PB 0x0000000080c00000| Untracked 
|  13|0x0000000080d00000, 0x0000000080e00000, 0x0000000080e00000|100%| O|  |TAMS 0x0000000080e00000| PB 0x0000000080d00000| Untracked 
|  14|0x0000000080e00000, 0x0000000080f00000, 0x0000000080f00000|100%| O|  |TAMS 0x0000000080f00000| PB 0x0000000080e00000| Untracked 
|  15|0x0000000080f00000, 0x0000000081000000, 0x0000000081000000|100%| O|  |TAMS 0x0000000081000000| PB 0x0000000080f00000| Untracked 
|  16|0x0000000081000000, 0x0000000081100000, 0x0000000081100000|100%| O|  |TAMS 0x0000000081100000| PB 0x0000000081000000| Untracked 
|  17|0x0000000081100000, 0x0000000081200000, 0x0000000081200000|100%| O|  |TAMS 0x0000000081200000| PB 0x0000000081100000| Untracked 
|  18|0x0000000081200000, 0x0000000081300000, 0x0000000081300000|100%| O|  |TAMS 0x0000000081300000| PB 0x0000000081200000| Untracked 
|  19|0x0000000081300000, 0x0000000081400000, 0x0000000081400000|100%| O|  |TAMS 0x0000000081400000| PB 0x0000000081300000| Untracked 
|  20|0x0000000081400000, 0x0000000081500000, 0x0000000081500000|100%| O|  |TAMS 0x0000000081500000| PB 0x0000000081400000| Untracked 
|  21|0x0000000081500000, 0x0000000081600000, 0x0000000081600000|100%| O|  |TAMS 0x0000000081600000| PB 0x0000000081500000| Untracked 
|  22|0x0000000081600000, 0x0000000081700000, 0x0000000081700000|100%| O|  |TAMS 0x0000000081700000| PB 0x0000000081600000| Untracked 
|  23|0x0000000081700000, 0x0000000081800000, 0x0000000081800000|100%| O|  |TAMS 0x0000000081800000| PB 0x0000000081700000| Untracked 
|  24|0x0000000081800000, 0x0000000081900000, 0x0000000081900000|100%| O|  |TAMS 0x0000000081900000| PB 0x0000000081800000| Untracked 
|  25|0x0000000081900000, 0x0000000081a00000, 0x0000000081a00000|100%| O|  |TAMS 0x0000000081a00000| PB 0x0000000081900000| Untracked 
|  26|0x0000000081a00000, 0x0000000081b00000, 0x0000000081b00000|100%| O|  |TAMS 0x0000000081b00000| PB 0x0000000081a00000| Untracked 
|  27|0x0000000081b00000, 0x0000000081c00000, 0x0000000081c00000|100%| O|  |TAMS 0x0000000081c00000| PB 0x0000000081b00000| Untracked 
|  28|0x0000000081c00000, 0x0000000081d00000, 0x0000000081d00000|100%| O|  |TAMS 0x0000000081d00000| PB 0x0000000081c00000| Untracked 
|  29|0x0000000081d00000, 0x0000000081e00000, 0x0000000081e00000|100%| O|  |TAMS 0x0000000081e00000| PB 0x0000000081d00000| Untracked 
|  30|0x0000000081e00000, 0x0000000081f00000, 0x0000000081f00000|100%| O|  |TAMS 0x0000000081f00000| PB 0x0000000081e00000| Untracked 
|  31|0x0000000081f00000, 0x0000000082000000, 0x0000000082000000|100%| O|  |TAMS 0x0000000082000000| PB 0x0000000081f00000| Untracked 
|  32|0x0000000082000000, 0x0000000082100000, 0x0000000082100000|100%| O|  |TAMS 0x0000000082100000| PB 0x0000000082000000| Untracked 
|  33|0x0000000082100000, 0x0000000082200000, 0x0000000082200000|100%|HS|  |TAMS 0x0000000082200000| PB 0x0000000082100000| Complete 
|  34|0x0000000082200000, 0x0000000082300000, 0x0000000082300000|100%|HC|  |TAMS 0x0000000082300000| PB 0x0000000082200000| Complete 
|  35|0x0000000082300000, 0x0000000082400000, 0x0000000082400000|100%| O|  |TAMS 0x0000000082400000| PB 0x0000000082300000| Untracked 
|  36|0x0000000082400000, 0x0000000082500000, 0x0000000082500000|100%| O|  |TAMS 0x0000000082500000| PB 0x0000000082400000| Untracked 
|  37|0x0000000082500000, 0x0000000082600000, 0x0000000082600000|100%| O|  |TAMS 0x0000000082600000| PB 0x0000000082500000| Untracked 
|  38|0x0000000082600000, 0x0000000082700000, 0x0000000082700000|100%|HS|  |TAMS 0x0000000082700000| PB 0x0000000082600000| Complete 
|  39|0x0000000082700000, 0x0000000082800000, 0x0000000082800000|100%| O|  |TAMS 0x0000000082800000| PB 0x0000000082700000| Untracked 
|  40|0x0000000082800000, 0x0000000082900000, 0x0000000082900000|100%| O|  |TAMS 0x0000000082900000| PB 0x0000000082800000| Untracked 
|  41|0x0000000082900000, 0x0000000082a00000, 0x0000000082a00000|100%| O|  |TAMS 0x0000000082a00000| PB 0x0000000082900000| Untracked 
|  42|0x0000000082a00000, 0x0000000082b00000, 0x0000000082b00000|100%| O|  |TAMS 0x0000000082b00000| PB 0x0000000082a00000| Untracked 
|  43|0x0000000082b00000, 0x0000000082c00000, 0x0000000082c00000|100%| O|  |TAMS 0x0000000082c00000| PB 0x0000000082b00000| Untracked 
|  44|0x0000000082c00000, 0x0000000082d00000, 0x0000000082d00000|100%| O|  |TAMS 0x0000000082d00000| PB 0x0000000082c00000| Untracked 
|  45|0x0000000082d00000, 0x0000000082e00000, 0x0000000082e00000|100%| O|  |TAMS 0x0000000082e00000| PB 0x0000000082d00000| Untracked 
|  46|0x0000000082e00000, 0x0000000082f00000, 0x0000000082f00000|100%| O|  |TAMS 0x0000000082f00000| PB 0x0000000082e00000| Untracked 
|  47|0x0000000082f00000, 0x0000000083000000, 0x0000000083000000|100%| O|  |TAMS 0x0000000083000000| PB 0x0000000082f00000| Untracked 
|  48|0x0000000083000000, 0x0000000083100000, 0x0000000083100000|100%| O|  |TAMS 0x0000000083100000| PB 0x0000000083000000| Untracked 
|  49|0x0000000083100000, 0x0000000083200000, 0x0000000083200000|100%| O|  |TAMS 0x0000000083200000| PB 0x0000000083100000| Untracked 
|  50|0x0000000083200000, 0x0000000083300000, 0x0000000083300000|100%| O|  |TAMS 0x0000000083300000| PB 0x0000000083200000| Untracked 
|  51|0x0000000083300000, 0x0000000083400000, 0x0000000083400000|100%|HS|  |TAMS 0x0000000083400000| PB 0x0000000083300000| Complete 
|  52|0x0000000083400000, 0x0000000083500000, 0x0000000083500000|100%|HS|  |TAMS 0x0000000083500000| PB 0x0000000083400000| Complete 
|  53|0x0000000083500000, 0x0000000083600000, 0x0000000083600000|100%|HC|  |TAMS 0x0000000083600000| PB 0x0000000083500000| Complete 
|  54|0x0000000083600000, 0x0000000083700000, 0x0000000083700000|100%|HS|  |TAMS 0x0000000083700000| PB 0x0000000083600000| Complete 
|  55|0x0000000083700000, 0x0000000083800000, 0x0000000083800000|100%|HS|  |TAMS 0x0000000083800000| PB 0x0000000083700000| Complete 
|  56|0x0000000083800000, 0x0000000083900000, 0x0000000083900000|100%|HS|  |TAMS 0x0000000083900000| PB 0x0000000083800000| Complete 
|  57|0x0000000083900000, 0x0000000083a00000, 0x0000000083a00000|100%|HS|  |TAMS 0x0000000083a00000| PB 0x0000000083900000| Complete 
|  58|0x0000000083a00000, 0x0000000083b00000, 0x0000000083b00000|100%| O|  |TAMS 0x0000000083b00000| PB 0x0000000083a00000| Untracked 
|  59|0x0000000083b00000, 0x0000000083c00000, 0x0000000083c00000|100%| O|  |TAMS 0x0000000083c00000| PB 0x0000000083b00000| Untracked 
|  60|0x0000000083c00000, 0x0000000083d00000, 0x0000000083d00000|100%| O|  |TAMS 0x0000000083d00000| PB 0x0000000083c00000| Untracked 
|  61|0x0000000083d00000, 0x0000000083e00000, 0x0000000083e00000|100%| O|  |TAMS 0x0000000083e00000| PB 0x0000000083d00000| Untracked 
|  62|0x0000000083e00000, 0x0000000083f00000, 0x0000000083f00000|100%| O|  |TAMS 0x0000000083f00000| PB 0x0000000083e00000| Untracked 
|  63|0x0000000083f00000, 0x0000000084000000, 0x0000000084000000|100%| O|  |TAMS 0x0000000084000000| PB 0x0000000083f00000| Untracked 
|  64|0x0000000084000000, 0x0000000084100000, 0x0000000084100000|100%|HS|  |TAMS 0x0000000084100000| PB 0x0000000084000000| Complete 
|  65|0x0000000084100000, 0x0000000084200000, 0x0000000084200000|100%|HC|  |TAMS 0x0000000084200000| PB 0x0000000084100000| Complete 
|  66|0x0000000084200000, 0x0000000084300000, 0x0000000084300000|100%| O|  |TAMS 0x0000000084300000| PB 0x0000000084200000| Untracked 
|  67|0x0000000084300000, 0x0000000084400000, 0x0000000084400000|100%| O|  |TAMS 0x0000000084400000| PB 0x0000000084300000| Untracked 
|  68|0x0000000084400000, 0x0000000084500000, 0x0000000084500000|100%| O|  |TAMS 0x0000000084500000| PB 0x0000000084400000| Untracked 
|  69|0x0000000084500000, 0x0000000084600000, 0x0000000084600000|100%| O|  |TAMS 0x0000000084600000| PB 0x0000000084500000| Untracked 
|  70|0x0000000084600000, 0x0000000084700000, 0x0000000084700000|100%| O|  |TAMS 0x0000000084700000| PB 0x0000000084600000| Untracked 
|  71|0x0000000084700000, 0x0000000084800000, 0x0000000084800000|100%| O|  |TAMS 0x0000000084800000| PB 0x0000000084700000| Untracked 
|  72|0x0000000084800000, 0x0000000084900000, 0x0000000084900000|100%| O|  |TAMS 0x0000000084900000| PB 0x0000000084800000| Untracked 
|  73|0x0000000084900000, 0x0000000084a00000, 0x0000000084a00000|100%| O|  |TAMS 0x0000000084a00000| PB 0x0000000084900000| Untracked 
|  74|0x0000000084a00000, 0x0000000084b00000, 0x0000000084b00000|100%| O|  |TAMS 0x0000000084b00000| PB 0x0000000084a00000| Untracked 
|  75|0x0000000084b00000, 0x0000000084c00000, 0x0000000084c00000|100%|HS|  |TAMS 0x0000000084c00000| PB 0x0000000084b00000| Complete 
|  76|0x0000000084c00000, 0x0000000084d00000, 0x0000000084d00000|100%| O|  |TAMS 0x0000000084d00000| PB 0x0000000084c00000| Untracked 
|  77|0x0000000084d00000, 0x0000000084e00000, 0x0000000084e00000|100%| O|  |TAMS 0x0000000084e00000| PB 0x0000000084d00000| Untracked 
|  78|0x0000000084e00000, 0x0000000084f00000, 0x0000000084f00000|100%| O|  |TAMS 0x0000000084f00000| PB 0x0000000084e00000| Untracked 
|  79|0x0000000084f00000, 0x0000000085000000, 0x0000000085000000|100%| O|  |TAMS 0x0000000085000000| PB 0x0000000084f00000| Untracked 
|  80|0x0000000085000000, 0x0000000085100000, 0x0000000085100000|100%| O|  |TAMS 0x0000000085100000| PB 0x0000000085000000| Untracked 
|  81|0x0000000085100000, 0x0000000085200000, 0x0000000085200000|100%| O|  |TAMS 0x0000000085200000| PB 0x0000000085100000| Untracked 
|  82|0x0000000085200000, 0x0000000085300000, 0x0000000085300000|100%| O|  |TAMS 0x0000000085300000| PB 0x0000000085200000| Untracked 
|  83|0x0000000085300000, 0x0000000085400000, 0x0000000085400000|100%| O|  |TAMS 0x0000000085400000| PB 0x0000000085300000| Untracked 
|  84|0x0000000085400000, 0x0000000085500000, 0x0000000085500000|100%| O|  |TAMS 0x0000000085500000| PB 0x0000000085400000| Untracked 
|  85|0x0000000085500000, 0x0000000085600000, 0x0000000085600000|100%| O|  |TAMS 0x0000000085600000| PB 0x0000000085500000| Untracked 
|  86|0x0000000085600000, 0x0000000085700000, 0x0000000085700000|100%| O|  |TAMS 0x0000000085700000| PB 0x0000000085600000| Untracked 
|  87|0x0000000085700000, 0x0000000085800000, 0x0000000085800000|100%| O|  |TAMS 0x0000000085800000| PB 0x0000000085700000| Untracked 
|  88|0x0000000085800000, 0x0000000085900000, 0x0000000085900000|100%| O|  |TAMS 0x0000000085900000| PB 0x0000000085800000| Untracked 
|  89|0x0000000085900000, 0x0000000085a00000, 0x0000000085a00000|100%| O|  |TAMS 0x0000000085a00000| PB 0x0000000085900000| Untracked 
|  90|0x0000000085a00000, 0x0000000085b00000, 0x0000000085b00000|100%| O|  |TAMS 0x0000000085b00000| PB 0x0000000085a00000| Untracked 
|  91|0x0000000085b00000, 0x0000000085c00000, 0x0000000085c00000|100%| O|  |TAMS 0x0000000085c00000| PB 0x0000000085b00000| Untracked 
|  92|0x0000000085c00000, 0x0000000085d00000, 0x0000000085d00000|100%| O|  |TAMS 0x0000000085d00000| PB 0x0000000085c00000| Untracked 
|  93|0x0000000085d00000, 0x0000000085e00000, 0x0000000085e00000|100%| O|  |TAMS 0x0000000085e00000| PB 0x0000000085d00000| Untracked 
|  94|0x0000000085e00000, 0x0000000085f00000, 0x0000000085f00000|100%| O|  |TAMS 0x0000000085f00000| PB 0x0000000085e00000| Untracked 
|  95|0x0000000085f00000, 0x0000000086000000, 0x0000000086000000|100%| O|  |TAMS 0x0000000086000000| PB 0x0000000085f00000| Untracked 
|  96|0x0000000086000000, 0x0000000086100000, 0x0000000086100000|100%| O|  |TAMS 0x0000000086100000| PB 0x0000000086000000| Untracked 
|  97|0x0000000086100000, 0x0000000086200000, 0x0000000086200000|100%| O|  |TAMS 0x0000000086200000| PB 0x0000000086100000| Untracked 
|  98|0x0000000086200000, 0x0000000086300000, 0x0000000086300000|100%| O|  |TAMS 0x0000000086300000| PB 0x0000000086200000| Untracked 
|  99|0x0000000086300000, 0x0000000086400000, 0x0000000086400000|100%| O|  |TAMS 0x0000000086400000| PB 0x0000000086300000| Untracked 
| 100|0x0000000086400000, 0x0000000086500000, 0x0000000086500000|100%| O|  |TAMS 0x0000000086500000| PB 0x0000000086400000| Untracked 
| 101|0x0000000086500000, 0x0000000086600000, 0x0000000086600000|100%| O|  |TAMS 0x0000000086600000| PB 0x0000000086500000| Untracked 
| 102|0x0000000086600000, 0x0000000086700000, 0x0000000086700000|100%| O|  |TAMS 0x0000000086700000| PB 0x0000000086600000| Untracked 
| 103|0x0000000086700000, 0x0000000086800000, 0x0000000086800000|100%| O|  |TAMS 0x0000000086800000| PB 0x0000000086700000| Untracked 
| 104|0x0000000086800000, 0x0000000086900000, 0x0000000086900000|100%| O|  |TAMS 0x0000000086900000| PB 0x0000000086800000| Untracked 
| 105|0x0000000086900000, 0x0000000086a00000, 0x0000000086a00000|100%| O|  |TAMS 0x0000000086a00000| PB 0x0000000086900000| Untracked 
| 106|0x0000000086a00000, 0x0000000086b00000, 0x0000000086b00000|100%| O|  |TAMS 0x0000000086b00000| PB 0x0000000086a00000| Untracked 
| 107|0x0000000086b00000, 0x0000000086c00000, 0x0000000086c00000|100%| O|  |TAMS 0x0000000086c00000| PB 0x0000000086b00000| Untracked 
| 108|0x0000000086c00000, 0x0000000086d00000, 0x0000000086d00000|100%| O|  |TAMS 0x0000000086d00000| PB 0x0000000086c00000| Untracked 
| 109|0x0000000086d00000, 0x0000000086e00000, 0x0000000086e00000|100%| O|  |TAMS 0x0000000086e00000| PB 0x0000000086d00000| Untracked 
| 110|0x0000000086e00000, 0x0000000086f00000, 0x0000000086f00000|100%| O|  |TAMS 0x0000000086f00000| PB 0x0000000086e00000| Untracked 
| 111|0x0000000086f00000, 0x0000000087000000, 0x0000000087000000|100%| O|  |TAMS 0x0000000087000000| PB 0x0000000086f00000| Untracked 
| 112|0x0000000087000000, 0x0000000087100000, 0x0000000087100000|100%| O|  |TAMS 0x0000000087100000| PB 0x0000000087000000| Untracked 
| 113|0x0000000087100000, 0x0000000087200000, 0x0000000087200000|100%| O|  |TAMS 0x0000000087200000| PB 0x0000000087100000| Untracked 
| 114|0x0000000087200000, 0x0000000087300000, 0x0000000087300000|100%| O|  |TAMS 0x0000000087300000| PB 0x0000000087200000| Untracked 
| 115|0x0000000087300000, 0x0000000087400000, 0x0000000087400000|100%| O|  |TAMS 0x0000000087400000| PB 0x0000000087300000| Untracked 
| 116|0x0000000087400000, 0x0000000087500000, 0x0000000087500000|100%| O|  |TAMS 0x0000000087500000| PB 0x0000000087400000| Untracked 
| 117|0x0000000087500000, 0x0000000087600000, 0x0000000087600000|100%| O|  |TAMS 0x0000000087600000| PB 0x0000000087500000| Untracked 
| 118|0x0000000087600000, 0x0000000087700000, 0x0000000087700000|100%| O|  |TAMS 0x0000000087700000| PB 0x0000000087600000| Untracked 
| 119|0x0000000087700000, 0x0000000087800000, 0x0000000087800000|100%| O|  |TAMS 0x0000000087800000| PB 0x0000000087700000| Untracked 
| 120|0x0000000087800000, 0x0000000087900000, 0x0000000087900000|100%| O|  |TAMS 0x0000000087900000| PB 0x0000000087800000| Untracked 
| 121|0x0000000087900000, 0x0000000087a00000, 0x0000000087a00000|100%| O|  |TAMS 0x0000000087a00000| PB 0x0000000087900000| Untracked 
| 122|0x0000000087a00000, 0x0000000087b00000, 0x0000000087b00000|100%| O|  |TAMS 0x0000000087b00000| PB 0x0000000087a00000| Untracked 
| 123|0x0000000087b00000, 0x0000000087c00000, 0x0000000087c00000|100%| O|  |TAMS 0x0000000087c00000| PB 0x0000000087b00000| Untracked 
| 124|0x0000000087c00000, 0x0000000087d00000, 0x0000000087d00000|100%| O|  |TAMS 0x0000000087d00000| PB 0x0000000087c00000| Untracked 
| 125|0x0000000087d00000, 0x0000000087e00000, 0x0000000087e00000|100%| O|  |TAMS 0x0000000087e00000| PB 0x0000000087d00000| Untracked 
| 126|0x0000000087e00000, 0x0000000087f00000, 0x0000000087f00000|100%| O|  |TAMS 0x0000000087f00000| PB 0x0000000087e00000| Untracked 
| 127|0x0000000087f00000, 0x0000000088000000, 0x0000000088000000|100%| O|  |TAMS 0x0000000088000000| PB 0x0000000087f00000| Untracked 
| 128|0x0000000088000000, 0x0000000088100000, 0x0000000088100000|100%| O|  |TAMS 0x0000000088100000| PB 0x0000000088000000| Untracked 
| 129|0x0000000088100000, 0x0000000088200000, 0x0000000088200000|100%| O|  |TAMS 0x0000000088200000| PB 0x0000000088100000| Untracked 
| 130|0x0000000088200000, 0x0000000088300000, 0x0000000088300000|100%| O|  |TAMS 0x0000000088300000| PB 0x0000000088200000| Untracked 
| 131|0x0000000088300000, 0x0000000088400000, 0x0000000088400000|100%| O|  |TAMS 0x0000000088400000| PB 0x0000000088300000| Untracked 
| 132|0x0000000088400000, 0x0000000088500000, 0x0000000088500000|100%| O|  |TAMS 0x0000000088500000| PB 0x0000000088400000| Untracked 
| 133|0x0000000088500000, 0x0000000088600000, 0x0000000088600000|100%| O|  |TAMS 0x0000000088600000| PB 0x0000000088500000| Untracked 
| 134|0x0000000088600000, 0x0000000088700000, 0x0000000088700000|100%| O|  |TAMS 0x0000000088700000| PB 0x0000000088600000| Untracked 
| 135|0x0000000088700000, 0x0000000088800000, 0x0000000088800000|100%| O|  |TAMS 0x0000000088800000| PB 0x0000000088700000| Untracked 
| 136|0x0000000088800000, 0x0000000088900000, 0x0000000088900000|100%| O|  |TAMS 0x0000000088900000| PB 0x0000000088800000| Untracked 
| 137|0x0000000088900000, 0x0000000088a00000, 0x0000000088a00000|100%| O|  |TAMS 0x0000000088a00000| PB 0x0000000088900000| Untracked 
| 138|0x0000000088a00000, 0x0000000088b00000, 0x0000000088b00000|100%| O|  |TAMS 0x0000000088b00000| PB 0x0000000088a00000| Untracked 
| 139|0x0000000088b00000, 0x0000000088c00000, 0x0000000088c00000|100%| O|  |TAMS 0x0000000088c00000| PB 0x0000000088b00000| Untracked 
| 140|0x0000000088c00000, 0x0000000088d00000, 0x0000000088d00000|100%| O|  |TAMS 0x0000000088d00000| PB 0x0000000088c00000| Untracked 
| 141|0x0000000088d00000, 0x0000000088e00000, 0x0000000088e00000|100%| O|  |TAMS 0x0000000088e00000| PB 0x0000000088d00000| Untracked 
| 142|0x0000000088e00000, 0x0000000088f00000, 0x0000000088f00000|100%| O|  |TAMS 0x0000000088f00000| PB 0x0000000088e00000| Untracked 
| 143|0x0000000088f00000, 0x0000000089000000, 0x0000000089000000|100%| O|  |TAMS 0x0000000089000000| PB 0x0000000088f00000| Untracked 
| 144|0x0000000089000000, 0x0000000089100000, 0x0000000089100000|100%| O|  |TAMS 0x0000000089100000| PB 0x0000000089000000| Untracked 
| 145|0x0000000089100000, 0x0000000089200000, 0x0000000089200000|100%| O|  |TAMS 0x0000000089200000| PB 0x0000000089100000| Untracked 
| 146|0x0000000089200000, 0x0000000089300000, 0x0000000089300000|100%| O|  |TAMS 0x0000000089300000| PB 0x0000000089200000| Untracked 
| 147|0x0000000089300000, 0x0000000089400000, 0x0000000089400000|100%| O|  |TAMS 0x0000000089400000| PB 0x0000000089300000| Untracked 
| 148|0x0000000089400000, 0x0000000089500000, 0x0000000089500000|100%| O|  |TAMS 0x0000000089500000| PB 0x0000000089400000| Untracked 
| 149|0x0000000089500000, 0x0000000089600000, 0x0000000089600000|100%| O|  |TAMS 0x0000000089600000| PB 0x0000000089500000| Untracked 
| 150|0x0000000089600000, 0x0000000089700000, 0x0000000089700000|100%| O|  |TAMS 0x0000000089700000| PB 0x0000000089600000| Untracked 
| 151|0x0000000089700000, 0x0000000089800000, 0x0000000089800000|100%| O|  |TAMS 0x0000000089800000| PB 0x0000000089700000| Untracked 
| 152|0x0000000089800000, 0x0000000089900000, 0x0000000089900000|100%| O|  |TAMS 0x0000000089900000| PB 0x0000000089800000| Untracked 
| 153|0x0000000089900000, 0x0000000089a00000, 0x0000000089a00000|100%| O|  |TAMS 0x0000000089a00000| PB 0x0000000089900000| Untracked 
| 154|0x0000000089a00000, 0x0000000089b00000, 0x0000000089b00000|100%| O|  |TAMS 0x0000000089b00000| PB 0x0000000089a00000| Untracked 
| 155|0x0000000089b00000, 0x0000000089c00000, 0x0000000089c00000|100%| O|  |TAMS 0x0000000089c00000| PB 0x0000000089b00000| Untracked 
| 156|0x0000000089c00000, 0x0000000089d00000, 0x0000000089d00000|100%| O|  |TAMS 0x0000000089d00000| PB 0x0000000089c00000| Untracked 
| 157|0x0000000089d00000, 0x0000000089e00000, 0x0000000089e00000|100%| O|  |TAMS 0x0000000089e00000| PB 0x0000000089d00000| Untracked 
| 158|0x0000000089e00000, 0x0000000089f00000, 0x0000000089f00000|100%| O|  |TAMS 0x0000000089f00000| PB 0x0000000089e00000| Untracked 
| 159|0x0000000089f00000, 0x000000008a000000, 0x000000008a000000|100%| O|  |TAMS 0x000000008a000000| PB 0x0000000089f00000| Untracked 
| 160|0x000000008a000000, 0x000000008a100000, 0x000000008a100000|100%| O|  |TAMS 0x000000008a100000| PB 0x000000008a000000| Untracked 
| 161|0x000000008a100000, 0x000000008a200000, 0x000000008a200000|100%| O|  |TAMS 0x000000008a200000| PB 0x000000008a100000| Untracked 
| 162|0x000000008a200000, 0x000000008a300000, 0x000000008a300000|100%| O|  |TAMS 0x000000008a300000| PB 0x000000008a200000| Untracked 
| 163|0x000000008a300000, 0x000000008a400000, 0x000000008a400000|100%| O|  |TAMS 0x000000008a400000| PB 0x000000008a300000| Untracked 
| 164|0x000000008a400000, 0x000000008a500000, 0x000000008a500000|100%| O|  |TAMS 0x000000008a500000| PB 0x000000008a400000| Untracked 
| 165|0x000000008a500000, 0x000000008a600000, 0x000000008a600000|100%| O|  |TAMS 0x000000008a600000| PB 0x000000008a500000| Untracked 
| 166|0x000000008a600000, 0x000000008a700000, 0x000000008a700000|100%| O|  |TAMS 0x000000008a700000| PB 0x000000008a600000| Untracked 
| 167|0x000000008a700000, 0x000000008a800000, 0x000000008a800000|100%| O|  |TAMS 0x000000008a800000| PB 0x000000008a700000| Untracked 
| 168|0x000000008a800000, 0x000000008a900000, 0x000000008a900000|100%| O|  |TAMS 0x000000008a900000| PB 0x000000008a800000| Untracked 
| 169|0x000000008a900000, 0x000000008aa00000, 0x000000008aa00000|100%| O|  |TAMS 0x000000008aa00000| PB 0x000000008a900000| Untracked 
| 170|0x000000008aa00000, 0x000000008ab00000, 0x000000008ab00000|100%| O|  |TAMS 0x000000008ab00000| PB 0x000000008aa00000| Untracked 
| 171|0x000000008ab00000, 0x000000008ac00000, 0x000000008ac00000|100%| O|  |TAMS 0x000000008ac00000| PB 0x000000008ab00000| Untracked 
| 172|0x000000008ac00000, 0x000000008ad00000, 0x000000008ad00000|100%| O|  |TAMS 0x000000008ad00000| PB 0x000000008ac00000| Untracked 
| 173|0x000000008ad00000, 0x000000008ae00000, 0x000000008ae00000|100%| O|  |TAMS 0x000000008ae00000| PB 0x000000008ad00000| Untracked 
| 174|0x000000008ae00000, 0x000000008af00000, 0x000000008af00000|100%| O|  |TAMS 0x000000008af00000| PB 0x000000008ae00000| Untracked 
| 175|0x000000008af00000, 0x000000008b000000, 0x000000008b000000|100%| O|  |TAMS 0x000000008b000000| PB 0x000000008af00000| Untracked 
| 176|0x000000008b000000, 0x000000008b100000, 0x000000008b100000|100%| O|  |TAMS 0x000000008b100000| PB 0x000000008b000000| Untracked 
| 177|0x000000008b100000, 0x000000008b200000, 0x000000008b200000|100%| O|  |TAMS 0x000000008b200000| PB 0x000000008b100000| Untracked 
| 178|0x000000008b200000, 0x000000008b300000, 0x000000008b300000|100%| O|  |TAMS 0x000000008b300000| PB 0x000000008b200000| Untracked 
| 179|0x000000008b300000, 0x000000008b400000, 0x000000008b400000|100%| O|  |TAMS 0x000000008b400000| PB 0x000000008b300000| Untracked 
| 180|0x000000008b400000, 0x000000008b500000, 0x000000008b500000|100%| O|  |TAMS 0x000000008b500000| PB 0x000000008b400000| Untracked 
| 181|0x000000008b500000, 0x000000008b600000, 0x000000008b600000|100%| O|  |TAMS 0x000000008b600000| PB 0x000000008b500000| Untracked 
| 182|0x000000008b600000, 0x000000008b700000, 0x000000008b700000|100%| O|  |TAMS 0x000000008b700000| PB 0x000000008b600000| Untracked 
| 183|0x000000008b700000, 0x000000008b800000, 0x000000008b800000|100%| O|  |TAMS 0x000000008b800000| PB 0x000000008b700000| Untracked 
| 184|0x000000008b800000, 0x000000008b900000, 0x000000008b900000|100%| O|  |TAMS 0x000000008b900000| PB 0x000000008b800000| Untracked 
| 185|0x000000008b900000, 0x000000008ba00000, 0x000000008ba00000|100%| O|  |TAMS 0x000000008ba00000| PB 0x000000008b900000| Untracked 
| 186|0x000000008ba00000, 0x000000008bb00000, 0x000000008bb00000|100%| O|  |TAMS 0x000000008bb00000| PB 0x000000008ba00000| Untracked 
| 187|0x000000008bb00000, 0x000000008bc00000, 0x000000008bc00000|100%| O|  |TAMS 0x000000008bc00000| PB 0x000000008bb00000| Untracked 
| 188|0x000000008bc00000, 0x000000008bd00000, 0x000000008bd00000|100%| O|  |TAMS 0x000000008bd00000| PB 0x000000008bc00000| Untracked 
| 189|0x000000008bd00000, 0x000000008be00000, 0x000000008be00000|100%| O|  |TAMS 0x000000008be00000| PB 0x000000008bd00000| Untracked 
| 190|0x000000008be00000, 0x000000008bf00000, 0x000000008bf00000|100%| O|  |TAMS 0x000000008bf00000| PB 0x000000008be00000| Untracked 
| 191|0x000000008bf00000, 0x000000008c000000, 0x000000008c000000|100%| O|  |TAMS 0x000000008c000000| PB 0x000000008bf00000| Untracked 
| 192|0x000000008c000000, 0x000000008c100000, 0x000000008c100000|100%| O|  |TAMS 0x000000008c100000| PB 0x000000008c000000| Untracked 
| 193|0x000000008c100000, 0x000000008c200000, 0x000000008c200000|100%| O|  |TAMS 0x000000008c200000| PB 0x000000008c100000| Untracked 
| 194|0x000000008c200000, 0x000000008c300000, 0x000000008c300000|100%| O|  |TAMS 0x000000008c300000| PB 0x000000008c200000| Untracked 
| 195|0x000000008c300000, 0x000000008c400000, 0x000000008c400000|100%| O|  |TAMS 0x000000008c400000| PB 0x000000008c300000| Untracked 
| 196|0x000000008c400000, 0x000000008c500000, 0x000000008c500000|100%| O|  |TAMS 0x000000008c500000| PB 0x000000008c400000| Untracked 
| 197|0x000000008c500000, 0x000000008c600000, 0x000000008c600000|100%| O|  |TAMS 0x000000008c600000| PB 0x000000008c500000| Untracked 
| 198|0x000000008c600000, 0x000000008c700000, 0x000000008c700000|100%| O|  |TAMS 0x000000008c700000| PB 0x000000008c600000| Untracked 
| 199|0x000000008c700000, 0x000000008c800000, 0x000000008c800000|100%| O|  |TAMS 0x000000008c800000| PB 0x000000008c700000| Untracked 
| 200|0x000000008c800000, 0x000000008c900000, 0x000000008c900000|100%| O|  |TAMS 0x000000008c900000| PB 0x000000008c800000| Untracked 
| 201|0x000000008c900000, 0x000000008ca00000, 0x000000008ca00000|100%| O|  |TAMS 0x000000008ca00000| PB 0x000000008c900000| Untracked 
| 202|0x000000008ca00000, 0x000000008cb00000, 0x000000008cb00000|100%| O|  |TAMS 0x000000008cb00000| PB 0x000000008ca00000| Untracked 
| 203|0x000000008cb00000, 0x000000008cc00000, 0x000000008cc00000|100%| O|  |TAMS 0x000000008cc00000| PB 0x000000008cb00000| Untracked 
| 204|0x000000008cc00000, 0x000000008cd00000, 0x000000008cd00000|100%| O|  |TAMS 0x000000008cd00000| PB 0x000000008cc00000| Untracked 
| 205|0x000000008cd00000, 0x000000008ce00000, 0x000000008ce00000|100%| O|  |TAMS 0x000000008ce00000| PB 0x000000008cd00000| Untracked 
| 206|0x000000008ce00000, 0x000000008cf00000, 0x000000008cf00000|100%| O|  |TAMS 0x000000008cf00000| PB 0x000000008ce00000| Untracked 
| 207|0x000000008cf00000, 0x000000008d000000, 0x000000008d000000|100%| O|  |TAMS 0x000000008d000000| PB 0x000000008cf00000| Untracked 
| 208|0x000000008d000000, 0x000000008d100000, 0x000000008d100000|100%| O|  |TAMS 0x000000008d100000| PB 0x000000008d000000| Untracked 
| 209|0x000000008d100000, 0x000000008d200000, 0x000000008d200000|100%| O|  |TAMS 0x000000008d200000| PB 0x000000008d100000| Untracked 
| 210|0x000000008d200000, 0x000000008d300000, 0x000000008d300000|100%| O|  |TAMS 0x000000008d300000| PB 0x000000008d200000| Untracked 
| 211|0x000000008d300000, 0x000000008d400000, 0x000000008d400000|100%| O|  |TAMS 0x000000008d400000| PB 0x000000008d300000| Untracked 
| 212|0x000000008d400000, 0x000000008d500000, 0x000000008d500000|100%| O|  |TAMS 0x000000008d500000| PB 0x000000008d400000| Untracked 
| 213|0x000000008d500000, 0x000000008d600000, 0x000000008d600000|100%| O|  |TAMS 0x000000008d600000| PB 0x000000008d500000| Untracked 
| 214|0x000000008d600000, 0x000000008d700000, 0x000000008d700000|100%| O|  |TAMS 0x000000008d700000| PB 0x000000008d600000| Untracked 
| 215|0x000000008d700000, 0x000000008d800000, 0x000000008d800000|100%| O|  |TAMS 0x000000008d800000| PB 0x000000008d700000| Untracked 
| 216|0x000000008d800000, 0x000000008d900000, 0x000000008d900000|100%| O|  |TAMS 0x000000008d900000| PB 0x000000008d800000| Untracked 
| 217|0x000000008d900000, 0x000000008da00000, 0x000000008da00000|100%| O|  |TAMS 0x000000008da00000| PB 0x000000008d900000| Untracked 
| 218|0x000000008da00000, 0x000000008db00000, 0x000000008db00000|100%| O|  |TAMS 0x000000008db00000| PB 0x000000008da00000| Untracked 
| 219|0x000000008db00000, 0x000000008dc00000, 0x000000008dc00000|100%| O|  |TAMS 0x000000008dc00000| PB 0x000000008db00000| Untracked 
| 220|0x000000008dc00000, 0x000000008dd00000, 0x000000008dd00000|100%| O|  |TAMS 0x000000008dd00000| PB 0x000000008dc00000| Untracked 
| 221|0x000000008dd00000, 0x000000008de00000, 0x000000008de00000|100%| O|  |TAMS 0x000000008de00000| PB 0x000000008dd00000| Untracked 
| 222|0x000000008de00000, 0x000000008df00000, 0x000000008df00000|100%| O|  |TAMS 0x000000008df00000| PB 0x000000008de00000| Untracked 
| 223|0x000000008df00000, 0x000000008e000000, 0x000000008e000000|100%| O|  |TAMS 0x000000008e000000| PB 0x000000008df00000| Untracked 
| 224|0x000000008e000000, 0x000000008e100000, 0x000000008e100000|100%| O|  |TAMS 0x000000008e100000| PB 0x000000008e000000| Untracked 
| 225|0x000000008e100000, 0x000000008e200000, 0x000000008e200000|100%| O|  |TAMS 0x000000008e200000| PB 0x000000008e100000| Untracked 
| 226|0x000000008e200000, 0x000000008e300000, 0x000000008e300000|100%| O|  |TAMS 0x000000008e300000| PB 0x000000008e200000| Untracked 
| 227|0x000000008e300000, 0x000000008e400000, 0x000000008e400000|100%| O|  |TAMS 0x000000008e400000| PB 0x000000008e300000| Untracked 
| 228|0x000000008e400000, 0x000000008e500000, 0x000000008e500000|100%| O|  |TAMS 0x000000008e500000| PB 0x000000008e400000| Untracked 
| 229|0x000000008e500000, 0x000000008e600000, 0x000000008e600000|100%| O|  |TAMS 0x000000008e600000| PB 0x000000008e500000| Untracked 
| 230|0x000000008e600000, 0x000000008e700000, 0x000000008e700000|100%| O|  |TAMS 0x000000008e700000| PB 0x000000008e600000| Untracked 
| 231|0x000000008e700000, 0x000000008e800000, 0x000000008e800000|100%| O|  |TAMS 0x000000008e800000| PB 0x000000008e700000| Untracked 
| 232|0x000000008e800000, 0x000000008e900000, 0x000000008e900000|100%| O|  |TAMS 0x000000008e900000| PB 0x000000008e800000| Untracked 
| 233|0x000000008e900000, 0x000000008ea00000, 0x000000008ea00000|100%| O|  |TAMS 0x000000008ea00000| PB 0x000000008e900000| Untracked 
| 234|0x000000008ea00000, 0x000000008eb00000, 0x000000008eb00000|100%| O|  |TAMS 0x000000008ea00000| PB 0x000000008ea00000| Untracked 
| 235|0x000000008eb00000, 0x000000008ec00000, 0x000000008ec00000|100%| O|  |TAMS 0x000000008eb00000| PB 0x000000008eb00000| Untracked 
| 236|0x000000008ec00000, 0x000000008ed00000, 0x000000008ed00000|100%| O|  |TAMS 0x000000008ed00000| PB 0x000000008ec00000| Untracked 
| 237|0x000000008ed00000, 0x000000008ee00000, 0x000000008ee00000|100%| O|  |TAMS 0x000000008ee00000| PB 0x000000008ed00000| Untracked 
| 238|0x000000008ee00000, 0x000000008ef00000, 0x000000008ef00000|100%| O|  |TAMS 0x000000008ef00000| PB 0x000000008ee00000| Untracked 
| 239|0x000000008ef00000, 0x000000008f000000, 0x000000008f000000|100%| O|  |TAMS 0x000000008f000000| PB 0x000000008ef00000| Untracked 
| 240|0x000000008f000000, 0x000000008f100000, 0x000000008f100000|100%| O|  |TAMS 0x000000008f100000| PB 0x000000008f000000| Untracked 
| 241|0x000000008f100000, 0x000000008f200000, 0x000000008f200000|100%| O|  |TAMS 0x000000008f200000| PB 0x000000008f100000| Untracked 
| 242|0x000000008f200000, 0x000000008f300000, 0x000000008f300000|100%| O|  |TAMS 0x000000008f200000| PB 0x000000008f200000| Untracked 
| 243|0x000000008f300000, 0x000000008f400000, 0x000000008f400000|100%| O|  |TAMS 0x000000008f400000| PB 0x000000008f300000| Untracked 
| 244|0x000000008f400000, 0x000000008f500000, 0x000000008f500000|100%| O|  |TAMS 0x000000008f500000| PB 0x000000008f400000| Untracked 
| 245|0x000000008f500000, 0x000000008f600000, 0x000000008f600000|100%| O|  |TAMS 0x000000008f600000| PB 0x000000008f500000| Untracked 
| 246|0x000000008f600000, 0x000000008f700000, 0x000000008f700000|100%| O|  |TAMS 0x000000008f700000| PB 0x000000008f600000| Untracked 
| 247|0x000000008f700000, 0x000000008f800000, 0x000000008f800000|100%| O|  |TAMS 0x000000008f800000| PB 0x000000008f700000| Untracked 
| 248|0x000000008f800000, 0x000000008f900000, 0x000000008f900000|100%| O|  |TAMS 0x000000008f900000| PB 0x000000008f800000| Untracked 
| 249|0x000000008f900000, 0x000000008fa00000, 0x000000008fa00000|100%| O|  |TAMS 0x000000008fa00000| PB 0x000000008f900000| Untracked 
| 250|0x000000008fa00000, 0x000000008fb00000, 0x000000008fb00000|100%| O|  |TAMS 0x000000008fb00000| PB 0x000000008fa00000| Untracked 
| 251|0x000000008fb00000, 0x000000008fc00000, 0x000000008fc00000|100%| O|  |TAMS 0x000000008fc00000| PB 0x000000008fb00000| Untracked 
| 252|0x000000008fc00000, 0x000000008fd00000, 0x000000008fd00000|100%| O|  |TAMS 0x000000008fd00000| PB 0x000000008fc00000| Untracked 
| 253|0x000000008fd00000, 0x000000008fe00000, 0x000000008fe00000|100%| O|  |TAMS 0x000000008fe00000| PB 0x000000008fd00000| Untracked 
| 254|0x000000008fe00000, 0x000000008ff00000, 0x000000008ff00000|100%| O|  |TAMS 0x000000008ff00000| PB 0x000000008fe00000| Untracked 
| 255|0x000000008ff00000, 0x0000000090000000, 0x0000000090000000|100%| O|  |TAMS 0x0000000090000000| PB 0x000000008ff00000| Untracked 
| 256|0x0000000090000000, 0x0000000090100000, 0x0000000090100000|100%| O|  |TAMS 0x0000000090100000| PB 0x0000000090000000| Untracked 
| 257|0x0000000090100000, 0x0000000090200000, 0x0000000090200000|100%| O|  |TAMS 0x0000000090200000| PB 0x0000000090100000| Untracked 
| 258|0x0000000090200000, 0x0000000090300000, 0x0000000090300000|100%| O|  |TAMS 0x0000000090300000| PB 0x0000000090200000| Untracked 
| 259|0x0000000090300000, 0x0000000090400000, 0x0000000090400000|100%| O|  |TAMS 0x0000000090400000| PB 0x0000000090300000| Untracked 
| 260|0x0000000090400000, 0x0000000090500000, 0x0000000090500000|100%| O|  |TAMS 0x0000000090500000| PB 0x0000000090400000| Untracked 
| 261|0x0000000090500000, 0x0000000090600000, 0x0000000090600000|100%| O|  |TAMS 0x0000000090600000| PB 0x0000000090500000| Untracked 
| 262|0x0000000090600000, 0x0000000090700000, 0x0000000090700000|100%| O|  |TAMS 0x0000000090700000| PB 0x0000000090600000| Untracked 
| 263|0x0000000090700000, 0x0000000090800000, 0x0000000090800000|100%| O|  |TAMS 0x0000000090800000| PB 0x0000000090700000| Untracked 
| 264|0x0000000090800000, 0x0000000090900000, 0x0000000090900000|100%| O|  |TAMS 0x0000000090900000| PB 0x0000000090800000| Untracked 
| 265|0x0000000090900000, 0x0000000090a00000, 0x0000000090a00000|100%| O|  |TAMS 0x0000000090a00000| PB 0x0000000090900000| Untracked 
| 266|0x0000000090a00000, 0x0000000090b00000, 0x0000000090b00000|100%| O|  |TAMS 0x0000000090b00000| PB 0x0000000090a00000| Untracked 
| 267|0x0000000090b00000, 0x0000000090c00000, 0x0000000090c00000|100%| O|  |TAMS 0x0000000090c00000| PB 0x0000000090b00000| Untracked 
| 268|0x0000000090c00000, 0x0000000090d00000, 0x0000000090d00000|100%| O|  |TAMS 0x0000000090d00000| PB 0x0000000090c00000| Untracked 
| 269|0x0000000090d00000, 0x0000000090e00000, 0x0000000090e00000|100%| O|  |TAMS 0x0000000090e00000| PB 0x0000000090d00000| Untracked 
| 270|0x0000000090e00000, 0x0000000090f00000, 0x0000000090f00000|100%| O|  |TAMS 0x0000000090f00000| PB 0x0000000090e00000| Untracked 
| 271|0x0000000090f00000, 0x0000000091000000, 0x0000000091000000|100%| O|  |TAMS 0x0000000091000000| PB 0x0000000090f00000| Untracked 
| 272|0x0000000091000000, 0x0000000091100000, 0x0000000091100000|100%| O|  |TAMS 0x0000000091100000| PB 0x0000000091000000| Untracked 
| 273|0x0000000091100000, 0x0000000091200000, 0x0000000091200000|100%| O|  |TAMS 0x0000000091200000| PB 0x0000000091100000| Untracked 
| 274|0x0000000091200000, 0x0000000091300000, 0x0000000091300000|100%| O|  |TAMS 0x0000000091300000| PB 0x0000000091200000| Untracked 
| 275|0x0000000091300000, 0x0000000091400000, 0x0000000091400000|100%| O|  |TAMS 0x0000000091400000| PB 0x0000000091300000| Untracked 
| 276|0x0000000091400000, 0x0000000091500000, 0x0000000091500000|100%| O|  |TAMS 0x0000000091500000| PB 0x0000000091400000| Untracked 
| 277|0x0000000091500000, 0x0000000091600000, 0x0000000091600000|100%| O|  |TAMS 0x0000000091600000| PB 0x0000000091500000| Untracked 
| 278|0x0000000091600000, 0x0000000091700000, 0x0000000091700000|100%| O|  |TAMS 0x0000000091700000| PB 0x0000000091600000| Untracked 
| 279|0x0000000091700000, 0x0000000091800000, 0x0000000091800000|100%| O|  |TAMS 0x0000000091800000| PB 0x0000000091700000| Untracked 
| 280|0x0000000091800000, 0x0000000091900000, 0x0000000091900000|100%| O|  |TAMS 0x0000000091900000| PB 0x0000000091800000| Untracked 
| 281|0x0000000091900000, 0x0000000091a00000, 0x0000000091a00000|100%| O|  |TAMS 0x0000000091a00000| PB 0x0000000091900000| Untracked 
| 282|0x0000000091a00000, 0x0000000091b00000, 0x0000000091b00000|100%| O|  |TAMS 0x0000000091b00000| PB 0x0000000091a00000| Untracked 
| 283|0x0000000091b00000, 0x0000000091c00000, 0x0000000091c00000|100%| O|  |TAMS 0x0000000091c00000| PB 0x0000000091b00000| Untracked 
| 284|0x0000000091c00000, 0x0000000091d00000, 0x0000000091d00000|100%| O|  |TAMS 0x0000000091d00000| PB 0x0000000091c00000| Untracked 
| 285|0x0000000091d00000, 0x0000000091e00000, 0x0000000091e00000|100%| O|  |TAMS 0x0000000091e00000| PB 0x0000000091d00000| Untracked 
| 286|0x0000000091e00000, 0x0000000091f00000, 0x0000000091f00000|100%| O|  |TAMS 0x0000000091f00000| PB 0x0000000091e00000| Untracked 
| 287|0x0000000091f00000, 0x0000000092000000, 0x0000000092000000|100%| O|  |TAMS 0x0000000092000000| PB 0x0000000091f00000| Untracked 
| 288|0x0000000092000000, 0x0000000092100000, 0x0000000092100000|100%| O|  |TAMS 0x0000000092100000| PB 0x0000000092000000| Untracked 
| 289|0x0000000092100000, 0x0000000092200000, 0x0000000092200000|100%| O|  |TAMS 0x0000000092200000| PB 0x0000000092100000| Untracked 
| 290|0x0000000092200000, 0x0000000092300000, 0x0000000092300000|100%| O|  |TAMS 0x0000000092300000| PB 0x0000000092200000| Untracked 
| 291|0x0000000092300000, 0x0000000092400000, 0x0000000092400000|100%| O|  |TAMS 0x0000000092400000| PB 0x0000000092300000| Untracked 
| 292|0x0000000092400000, 0x0000000092500000, 0x0000000092500000|100%| O|  |TAMS 0x0000000092500000| PB 0x0000000092400000| Untracked 
| 293|0x0000000092500000, 0x0000000092600000, 0x0000000092600000|100%| O|  |TAMS 0x0000000092600000| PB 0x0000000092500000| Untracked 
| 294|0x0000000092600000, 0x0000000092700000, 0x0000000092700000|100%| O|  |TAMS 0x0000000092700000| PB 0x0000000092600000| Untracked 
| 295|0x0000000092700000, 0x0000000092800000, 0x0000000092800000|100%| O|  |TAMS 0x0000000092800000| PB 0x0000000092700000| Untracked 
| 296|0x0000000092800000, 0x0000000092900000, 0x0000000092900000|100%| O|  |TAMS 0x0000000092900000| PB 0x0000000092800000| Untracked 
| 297|0x0000000092900000, 0x0000000092a00000, 0x0000000092a00000|100%| O|  |TAMS 0x0000000092a00000| PB 0x0000000092900000| Untracked 
| 298|0x0000000092a00000, 0x0000000092b00000, 0x0000000092b00000|100%| O|  |TAMS 0x0000000092b00000| PB 0x0000000092a00000| Untracked 
| 299|0x0000000092b00000, 0x0000000092c00000, 0x0000000092c00000|100%| O|  |TAMS 0x0000000092c00000| PB 0x0000000092b00000| Untracked 
| 300|0x0000000092c00000, 0x0000000092d00000, 0x0000000092d00000|100%| O|  |TAMS 0x0000000092d00000| PB 0x0000000092c00000| Untracked 
| 301|0x0000000092d00000, 0x0000000092e00000, 0x0000000092e00000|100%| O|  |TAMS 0x0000000092e00000| PB 0x0000000092d00000| Untracked 
| 302|0x0000000092e00000, 0x0000000092f00000, 0x0000000092f00000|100%| O|  |TAMS 0x0000000092f00000| PB 0x0000000092e00000| Untracked 
| 303|0x0000000092f00000, 0x0000000093000000, 0x0000000093000000|100%| O|  |TAMS 0x0000000093000000| PB 0x0000000092f00000| Untracked 
| 304|0x0000000093000000, 0x0000000093100000, 0x0000000093100000|100%| O|  |TAMS 0x0000000093100000| PB 0x0000000093000000| Untracked 
| 305|0x0000000093100000, 0x0000000093200000, 0x0000000093200000|100%| O|  |TAMS 0x0000000093200000| PB 0x0000000093100000| Untracked 
| 306|0x0000000093200000, 0x0000000093300000, 0x0000000093300000|100%| O|  |TAMS 0x0000000093300000| PB 0x0000000093200000| Untracked 
| 307|0x0000000093300000, 0x0000000093400000, 0x0000000093400000|100%| O|  |TAMS 0x0000000093400000| PB 0x0000000093300000| Untracked 
| 308|0x0000000093400000, 0x0000000093500000, 0x0000000093500000|100%| O|  |TAMS 0x0000000093500000| PB 0x0000000093400000| Untracked 
| 309|0x0000000093500000, 0x0000000093600000, 0x0000000093600000|100%| O|  |TAMS 0x0000000093600000| PB 0x0000000093500000| Untracked 
| 310|0x0000000093600000, 0x0000000093700000, 0x0000000093700000|100%| O|  |TAMS 0x0000000093700000| PB 0x0000000093600000| Untracked 
| 311|0x0000000093700000, 0x0000000093800000, 0x0000000093800000|100%| O|  |TAMS 0x0000000093759a98| PB 0x0000000093700000| Untracked 
| 312|0x0000000093800000, 0x0000000093900000, 0x0000000093900000|100%| O|  |TAMS 0x0000000093800000| PB 0x0000000093800000| Untracked 
| 313|0x0000000093900000, 0x0000000093a00000, 0x0000000093a00000|100%| O|  |TAMS 0x0000000093900000| PB 0x0000000093900000| Untracked 
| 314|0x0000000093a00000, 0x0000000093b00000, 0x0000000093b00000|100%| O|  |TAMS 0x0000000093a00000| PB 0x0000000093a00000| Untracked 
| 315|0x0000000093b00000, 0x0000000093c00000, 0x0000000093c00000|100%| O|  |TAMS 0x0000000093b00000| PB 0x0000000093b00000| Untracked 
| 316|0x0000000093c00000, 0x0000000093d00000, 0x0000000093d00000|100%| O|  |TAMS 0x0000000093c00000| PB 0x0000000093c00000| Untracked 
| 317|0x0000000093d00000, 0x0000000093e00000, 0x0000000093e00000|100%| O|  |TAMS 0x0000000093d00000| PB 0x0000000093d00000| Untracked 
| 318|0x0000000093e00000, 0x0000000093f00000, 0x0000000093f00000|100%| O|  |TAMS 0x0000000093e00000| PB 0x0000000093e00000| Untracked 
| 319|0x0000000093f00000, 0x0000000094000000, 0x0000000094000000|100%| O|  |TAMS 0x0000000093f00000| PB 0x0000000093f00000| Untracked 
| 320|0x0000000094000000, 0x0000000094100000, 0x0000000094100000|100%| O|  |TAMS 0x0000000094000000| PB 0x0000000094000000| Untracked 
| 321|0x0000000094100000, 0x0000000094200000, 0x0000000094200000|100%| O|  |TAMS 0x0000000094100000| PB 0x0000000094100000| Untracked 
| 322|0x0000000094200000, 0x0000000094300000, 0x0000000094300000|100%| O|  |TAMS 0x0000000094200000| PB 0x0000000094200000| Untracked 
| 323|0x0000000094300000, 0x0000000094400000, 0x0000000094400000|100%| O|  |TAMS 0x0000000094300000| PB 0x0000000094300000| Untracked 
| 324|0x0000000094400000, 0x0000000094500000, 0x0000000094500000|100%| O|  |TAMS 0x0000000094400000| PB 0x0000000094400000| Untracked 
| 325|0x0000000094500000, 0x0000000094600000, 0x0000000094600000|100%| O|  |TAMS 0x0000000094500000| PB 0x0000000094500000| Untracked 
| 326|0x0000000094600000, 0x0000000094700000, 0x0000000094700000|100%| O|  |TAMS 0x0000000094600000| PB 0x0000000094600000| Untracked 
| 327|0x0000000094700000, 0x0000000094800000, 0x0000000094800000|100%| O|  |TAMS 0x0000000094700000| PB 0x0000000094700000| Untracked 
| 328|0x0000000094800000, 0x0000000094900000, 0x0000000094900000|100%| O|  |TAMS 0x0000000094800000| PB 0x0000000094800000| Untracked 
| 329|0x0000000094900000, 0x0000000094a00000, 0x0000000094a00000|100%| O|  |TAMS 0x0000000094900000| PB 0x0000000094900000| Untracked 
| 330|0x0000000094a00000, 0x0000000094a680e0, 0x0000000094b00000| 40%| O|  |TAMS 0x0000000094a00000| PB 0x0000000094a00000| Untracked 
| 331|0x0000000094b00000, 0x0000000094b00000, 0x0000000094c00000|  0%| F|  |TAMS 0x0000000094b00000| PB 0x0000000094b00000| Untracked 
| 332|0x0000000094c00000, 0x0000000094c00000, 0x0000000094d00000|  0%| F|  |TAMS 0x0000000094c00000| PB 0x0000000094c00000| Untracked 
| 333|0x0000000094d00000, 0x0000000094d00000, 0x0000000094e00000|  0%| F|  |TAMS 0x0000000094d00000| PB 0x0000000094d00000| Untracked 
| 334|0x0000000094e00000, 0x0000000094e00000, 0x0000000094f00000|  0%| F|  |TAMS 0x0000000094e00000| PB 0x0000000094e00000| Untracked 
| 335|0x0000000094f00000, 0x0000000094f00000, 0x0000000095000000|  0%| F|  |TAMS 0x0000000094f00000| PB 0x0000000094f00000| Untracked 
| 336|0x0000000095000000, 0x0000000095000000, 0x0000000095100000|  0%| F|  |TAMS 0x0000000095000000| PB 0x0000000095000000| Untracked 
| 337|0x0000000095100000, 0x0000000095100000, 0x0000000095200000|  0%| F|  |TAMS 0x0000000095100000| PB 0x0000000095100000| Untracked 
| 338|0x0000000095200000, 0x0000000095200000, 0x0000000095300000|  0%| F|  |TAMS 0x0000000095200000| PB 0x0000000095200000| Untracked 
| 339|0x0000000095300000, 0x0000000095300000, 0x0000000095400000|  0%| F|  |TAMS 0x0000000095300000| PB 0x0000000095300000| Untracked 
| 340|0x0000000095400000, 0x0000000095400000, 0x0000000095500000|  0%| F|  |TAMS 0x0000000095400000| PB 0x0000000095400000| Untracked 
| 341|0x0000000095500000, 0x0000000095500000, 0x0000000095600000|  0%| F|  |TAMS 0x0000000095500000| PB 0x0000000095500000| Untracked 
| 342|0x0000000095600000, 0x0000000095600000, 0x0000000095700000|  0%| F|  |TAMS 0x0000000095600000| PB 0x0000000095600000| Untracked 
| 343|0x0000000095700000, 0x0000000095700000, 0x0000000095800000|  0%| F|  |TAMS 0x0000000095700000| PB 0x0000000095700000| Untracked 
| 344|0x0000000095800000, 0x0000000095800000, 0x0000000095900000|  0%| F|  |TAMS 0x0000000095800000| PB 0x0000000095800000| Untracked 
| 345|0x0000000095900000, 0x0000000095900000, 0x0000000095a00000|  0%| F|  |TAMS 0x0000000095900000| PB 0x0000000095900000| Untracked 
| 346|0x0000000095a00000, 0x0000000095a00000, 0x0000000095b00000|  0%| F|  |TAMS 0x0000000095a00000| PB 0x0000000095a00000| Untracked 
| 347|0x0000000095b00000, 0x0000000095b00000, 0x0000000095c00000|  0%| F|  |TAMS 0x0000000095b00000| PB 0x0000000095b00000| Untracked 
| 348|0x0000000095c00000, 0x0000000095c00000, 0x0000000095d00000|  0%| F|  |TAMS 0x0000000095c00000| PB 0x0000000095c00000| Untracked 
| 349|0x0000000095d00000, 0x0000000095d00000, 0x0000000095e00000|  0%| F|  |TAMS 0x0000000095d00000| PB 0x0000000095d00000| Untracked 
| 350|0x0000000095e00000, 0x0000000095e00000, 0x0000000095f00000|  0%| F|  |TAMS 0x0000000095e00000| PB 0x0000000095e00000| Untracked 
| 351|0x0000000095f00000, 0x0000000095f00000, 0x0000000096000000|  0%| F|  |TAMS 0x0000000095f00000| PB 0x0000000095f00000| Untracked 
| 352|0x0000000096000000, 0x0000000096000000, 0x0000000096100000|  0%| F|  |TAMS 0x0000000096000000| PB 0x0000000096000000| Untracked 
| 353|0x0000000096100000, 0x0000000096100000, 0x0000000096200000|  0%| F|  |TAMS 0x0000000096100000| PB 0x0000000096100000| Untracked 
| 354|0x0000000096200000, 0x0000000096200000, 0x0000000096300000|  0%| F|  |TAMS 0x0000000096200000| PB 0x0000000096200000| Untracked 
| 355|0x0000000096300000, 0x0000000096300000, 0x0000000096400000|  0%| F|  |TAMS 0x0000000096300000| PB 0x0000000096300000| Untracked 
| 356|0x0000000096400000, 0x0000000096400000, 0x0000000096500000|  0%| F|  |TAMS 0x0000000096400000| PB 0x0000000096400000| Untracked 
| 357|0x0000000096500000, 0x0000000096500000, 0x0000000096600000|  0%| F|  |TAMS 0x0000000096500000| PB 0x0000000096500000| Untracked 
| 358|0x0000000096600000, 0x0000000096600000, 0x0000000096700000|  0%| F|  |TAMS 0x0000000096600000| PB 0x0000000096600000| Untracked 
| 359|0x0000000096700000, 0x0000000096700000, 0x0000000096800000|  0%| F|  |TAMS 0x0000000096700000| PB 0x0000000096700000| Untracked 
| 360|0x0000000096800000, 0x0000000096800000, 0x0000000096900000|  0%| F|  |TAMS 0x0000000096800000| PB 0x0000000096800000| Untracked 
| 361|0x0000000096900000, 0x0000000096900000, 0x0000000096a00000|  0%| F|  |TAMS 0x0000000096900000| PB 0x0000000096900000| Untracked 
| 362|0x0000000096a00000, 0x0000000096a00000, 0x0000000096b00000|  0%| F|  |TAMS 0x0000000096a00000| PB 0x0000000096a00000| Untracked 
| 363|0x0000000096b00000, 0x0000000096b00000, 0x0000000096c00000|  0%| F|  |TAMS 0x0000000096b00000| PB 0x0000000096b00000| Untracked 
| 364|0x0000000096c00000, 0x0000000096c00000, 0x0000000096d00000|  0%| F|  |TAMS 0x0000000096c00000| PB 0x0000000096c00000| Untracked 
| 365|0x0000000096d00000, 0x0000000096d00000, 0x0000000096e00000|  0%| F|  |TAMS 0x0000000096d00000| PB 0x0000000096d00000| Untracked 
| 366|0x0000000096e00000, 0x0000000096f00000, 0x0000000096f00000|100%| S|CS|TAMS 0x0000000096e00000| PB 0x0000000096e00000| Complete 
| 367|0x0000000096f00000, 0x0000000097000000, 0x0000000097000000|100%| S|CS|TAMS 0x0000000096f00000| PB 0x0000000096f00000| Complete 
| 368|0x0000000097000000, 0x0000000097100000, 0x0000000097100000|100%| S|CS|TAMS 0x0000000097000000| PB 0x0000000097000000| Complete 
| 369|0x0000000097100000, 0x0000000097200000, 0x0000000097200000|100%| S|CS|TAMS 0x0000000097100000| PB 0x0000000097100000| Complete 
| 370|0x0000000097200000, 0x0000000097300000, 0x0000000097300000|100%| S|CS|TAMS 0x0000000097200000| PB 0x0000000097200000| Complete 
| 371|0x0000000097300000, 0x0000000097400000, 0x0000000097400000|100%| S|CS|TAMS 0x0000000097300000| PB 0x0000000097300000| Complete 
| 372|0x0000000097400000, 0x0000000097500000, 0x0000000097500000|100%| S|CS|TAMS 0x0000000097400000| PB 0x0000000097400000| Complete 
| 373|0x0000000097500000, 0x0000000097600000, 0x0000000097600000|100%| S|CS|TAMS 0x0000000097500000| PB 0x0000000097500000| Complete 
| 374|0x0000000097600000, 0x0000000097700000, 0x0000000097700000|100%| S|CS|TAMS 0x0000000097600000| PB 0x0000000097600000| Complete 
| 375|0x0000000097700000, 0x0000000097800000, 0x0000000097800000|100%| S|CS|TAMS 0x0000000097700000| PB 0x0000000097700000| Complete 
| 376|0x0000000097800000, 0x0000000097900000, 0x0000000097900000|100%| S|CS|TAMS 0x0000000097800000| PB 0x0000000097800000| Complete 
| 377|0x0000000097900000, 0x0000000097a00000, 0x0000000097a00000|100%| S|CS|TAMS 0x0000000097900000| PB 0x0000000097900000| Complete 
| 378|0x0000000097a00000, 0x0000000097b00000, 0x0000000097b00000|100%| S|CS|TAMS 0x0000000097a00000| PB 0x0000000097a00000| Complete 
| 379|0x0000000097b00000, 0x0000000097c00000, 0x0000000097c00000|100%| S|CS|TAMS 0x0000000097b00000| PB 0x0000000097b00000| Complete 
| 380|0x0000000097c00000, 0x0000000097d00000, 0x0000000097d00000|100%| S|CS|TAMS 0x0000000097c00000| PB 0x0000000097c00000| Complete 
| 381|0x0000000097d00000, 0x0000000097e00000, 0x0000000097e00000|100%| S|CS|TAMS 0x0000000097d00000| PB 0x0000000097d00000| Complete 
| 382|0x0000000097e00000, 0x0000000097e00000, 0x0000000097f00000|  0%| F|  |TAMS 0x0000000097e00000| PB 0x0000000097e00000| Untracked 
| 383|0x0000000097f00000, 0x0000000097f00000, 0x0000000098000000|  0%| F|  |TAMS 0x0000000097f00000| PB 0x0000000097f00000| Untracked 
| 384|0x0000000098000000, 0x0000000098000000, 0x0000000098100000|  0%| F|  |TAMS 0x0000000098000000| PB 0x0000000098000000| Untracked 
| 385|0x0000000098100000, 0x0000000098100000, 0x0000000098200000|  0%| F|  |TAMS 0x0000000098100000| PB 0x0000000098100000| Untracked 
| 386|0x0000000098200000, 0x0000000098200000, 0x0000000098300000|  0%| F|  |TAMS 0x0000000098200000| PB 0x0000000098200000| Untracked 
| 387|0x0000000098300000, 0x0000000098300000, 0x0000000098400000|  0%| F|  |TAMS 0x0000000098300000| PB 0x0000000098300000| Untracked 
| 388|0x0000000098400000, 0x0000000098400000, 0x0000000098500000|  0%| F|  |TAMS 0x0000000098400000| PB 0x0000000098400000| Untracked 
| 389|0x0000000098500000, 0x0000000098500000, 0x0000000098600000|  0%| F|  |TAMS 0x0000000098500000| PB 0x0000000098500000| Untracked 
| 390|0x0000000098600000, 0x0000000098600000, 0x0000000098700000|  0%| F|  |TAMS 0x0000000098600000| PB 0x0000000098600000| Untracked 
| 391|0x0000000098700000, 0x0000000098700000, 0x0000000098800000|  0%| F|  |TAMS 0x0000000098700000| PB 0x0000000098700000| Untracked 
| 392|0x0000000098800000, 0x0000000098800000, 0x0000000098900000|  0%| F|  |TAMS 0x0000000098800000| PB 0x0000000098800000| Untracked 
| 393|0x0000000098900000, 0x0000000098900000, 0x0000000098a00000|  0%| F|  |TAMS 0x0000000098900000| PB 0x0000000098900000| Untracked 
| 394|0x0000000098a00000, 0x0000000098a00000, 0x0000000098b00000|  0%| F|  |TAMS 0x0000000098a00000| PB 0x0000000098a00000| Untracked 
| 395|0x0000000098b00000, 0x0000000098b00000, 0x0000000098c00000|  0%| F|  |TAMS 0x0000000098b00000| PB 0x0000000098b00000| Untracked 
| 396|0x0000000098c00000, 0x0000000098c00000, 0x0000000098d00000|  0%| F|  |TAMS 0x0000000098c00000| PB 0x0000000098c00000| Untracked 
| 397|0x0000000098d00000, 0x0000000098d00000, 0x0000000098e00000|  0%| F|  |TAMS 0x0000000098d00000| PB 0x0000000098d00000| Untracked 
| 398|0x0000000098e00000, 0x0000000098e00000, 0x0000000098f00000|  0%| F|  |TAMS 0x0000000098e00000| PB 0x0000000098e00000| Untracked 
| 399|0x0000000098f00000, 0x0000000098f00000, 0x0000000099000000|  0%| F|  |TAMS 0x0000000098f00000| PB 0x0000000098f00000| Untracked 
| 400|0x0000000099000000, 0x0000000099000000, 0x0000000099100000|  0%| F|  |TAMS 0x0000000099000000| PB 0x0000000099000000| Untracked 
| 401|0x0000000099100000, 0x0000000099100000, 0x0000000099200000|  0%| F|  |TAMS 0x0000000099100000| PB 0x0000000099100000| Untracked 
| 402|0x0000000099200000, 0x0000000099200000, 0x0000000099300000|  0%| F|  |TAMS 0x0000000099200000| PB 0x0000000099200000| Untracked 
| 403|0x0000000099300000, 0x0000000099300000, 0x0000000099400000|  0%| F|  |TAMS 0x0000000099300000| PB 0x0000000099300000| Untracked 
| 404|0x0000000099400000, 0x0000000099400000, 0x0000000099500000|  0%| F|  |TAMS 0x0000000099400000| PB 0x0000000099400000| Untracked 
| 405|0x0000000099500000, 0x0000000099500000, 0x0000000099600000|  0%| F|  |TAMS 0x0000000099500000| PB 0x0000000099500000| Untracked 
| 406|0x0000000099600000, 0x0000000099600000, 0x0000000099700000|  0%| F|  |TAMS 0x0000000099600000| PB 0x0000000099600000| Untracked 
| 407|0x0000000099700000, 0x0000000099700000, 0x0000000099800000|  0%| F|  |TAMS 0x0000000099700000| PB 0x0000000099700000| Untracked 
| 408|0x0000000099800000, 0x0000000099800000, 0x0000000099900000|  0%| F|  |TAMS 0x0000000099800000| PB 0x0000000099800000| Untracked 
| 409|0x0000000099900000, 0x0000000099900000, 0x0000000099a00000|  0%| F|  |TAMS 0x0000000099900000| PB 0x0000000099900000| Untracked 
| 410|0x0000000099a00000, 0x0000000099a00000, 0x0000000099b00000|  0%| F|  |TAMS 0x0000000099a00000| PB 0x0000000099a00000| Untracked 
| 411|0x0000000099b00000, 0x0000000099b00000, 0x0000000099c00000|  0%| F|  |TAMS 0x0000000099b00000| PB 0x0000000099b00000| Untracked 
| 412|0x0000000099c00000, 0x0000000099c00000, 0x0000000099d00000|  0%| F|  |TAMS 0x0000000099c00000| PB 0x0000000099c00000| Untracked 
| 413|0x0000000099d00000, 0x0000000099d00000, 0x0000000099e00000|  0%| F|  |TAMS 0x0000000099d00000| PB 0x0000000099d00000| Untracked 
| 414|0x0000000099e00000, 0x0000000099e00000, 0x0000000099f00000|  0%| F|  |TAMS 0x0000000099e00000| PB 0x0000000099e00000| Untracked 
| 415|0x0000000099f00000, 0x0000000099f00000, 0x000000009a000000|  0%| F|  |TAMS 0x0000000099f00000| PB 0x0000000099f00000| Untracked 
| 416|0x000000009a000000, 0x000000009a000000, 0x000000009a100000|  0%| F|  |TAMS 0x000000009a000000| PB 0x000000009a000000| Untracked 
| 417|0x000000009a100000, 0x000000009a100000, 0x000000009a200000|  0%| F|  |TAMS 0x000000009a100000| PB 0x000000009a100000| Untracked 
| 418|0x000000009a200000, 0x000000009a200000, 0x000000009a300000|  0%| F|  |TAMS 0x000000009a200000| PB 0x000000009a200000| Untracked 
| 419|0x000000009a300000, 0x000000009a300000, 0x000000009a400000|  0%| F|  |TAMS 0x000000009a300000| PB 0x000000009a300000| Untracked 
| 420|0x000000009a400000, 0x000000009a400000, 0x000000009a500000|  0%| F|  |TAMS 0x000000009a400000| PB 0x000000009a400000| Untracked 
| 421|0x000000009a500000, 0x000000009a500000, 0x000000009a600000|  0%| F|  |TAMS 0x000000009a500000| PB 0x000000009a500000| Untracked 
| 422|0x000000009a600000, 0x000000009a600000, 0x000000009a700000|  0%| F|  |TAMS 0x000000009a600000| PB 0x000000009a600000| Untracked 
| 423|0x000000009a700000, 0x000000009a700000, 0x000000009a800000|  0%| F|  |TAMS 0x000000009a700000| PB 0x000000009a700000| Untracked 
| 424|0x000000009a800000, 0x000000009a800000, 0x000000009a900000|  0%| F|  |TAMS 0x000000009a800000| PB 0x000000009a800000| Untracked 
| 425|0x000000009a900000, 0x000000009a900000, 0x000000009aa00000|  0%| F|  |TAMS 0x000000009a900000| PB 0x000000009a900000| Untracked 
| 426|0x000000009aa00000, 0x000000009aa00000, 0x000000009ab00000|  0%| F|  |TAMS 0x000000009aa00000| PB 0x000000009aa00000| Untracked 
| 427|0x000000009ab00000, 0x000000009ab00000, 0x000000009ac00000|  0%| F|  |TAMS 0x000000009ab00000| PB 0x000000009ab00000| Untracked 
| 428|0x000000009ac00000, 0x000000009ac00000, 0x000000009ad00000|  0%| F|  |TAMS 0x000000009ac00000| PB 0x000000009ac00000| Untracked 
| 429|0x000000009ad00000, 0x000000009ad00000, 0x000000009ae00000|  0%| F|  |TAMS 0x000000009ad00000| PB 0x000000009ad00000| Untracked 
| 430|0x000000009ae00000, 0x000000009ae00000, 0x000000009af00000|  0%| F|  |TAMS 0x000000009ae00000| PB 0x000000009ae00000| Untracked 
| 431|0x000000009af00000, 0x000000009af00000, 0x000000009b000000|  0%| F|  |TAMS 0x000000009af00000| PB 0x000000009af00000| Untracked 
| 432|0x000000009b000000, 0x000000009b000000, 0x000000009b100000|  0%| F|  |TAMS 0x000000009b000000| PB 0x000000009b000000| Untracked 
| 433|0x000000009b100000, 0x000000009b100000, 0x000000009b200000|  0%| F|  |TAMS 0x000000009b100000| PB 0x000000009b100000| Untracked 
| 434|0x000000009b200000, 0x000000009b200000, 0x000000009b300000|  0%| F|  |TAMS 0x000000009b200000| PB 0x000000009b200000| Untracked 
| 435|0x000000009b300000, 0x000000009b300000, 0x000000009b400000|  0%| F|  |TAMS 0x000000009b300000| PB 0x000000009b300000| Untracked 
| 436|0x000000009b400000, 0x000000009b400000, 0x000000009b500000|  0%| F|  |TAMS 0x000000009b400000| PB 0x000000009b400000| Untracked 
| 437|0x000000009b500000, 0x000000009b500000, 0x000000009b600000|  0%| F|  |TAMS 0x000000009b500000| PB 0x000000009b500000| Untracked 
| 438|0x000000009b600000, 0x000000009b600000, 0x000000009b700000|  0%| F|  |TAMS 0x000000009b600000| PB 0x000000009b600000| Untracked 
| 439|0x000000009b700000, 0x000000009b700000, 0x000000009b800000|  0%| F|  |TAMS 0x000000009b700000| PB 0x000000009b700000| Untracked 
| 440|0x000000009b800000, 0x000000009b800000, 0x000000009b900000|  0%| F|  |TAMS 0x000000009b800000| PB 0x000000009b800000| Untracked 
| 441|0x000000009b900000, 0x000000009b900000, 0x000000009ba00000|  0%| F|  |TAMS 0x000000009b900000| PB 0x000000009b900000| Untracked 
| 442|0x000000009ba00000, 0x000000009ba00000, 0x000000009bb00000|  0%| F|  |TAMS 0x000000009ba00000| PB 0x000000009ba00000| Untracked 
| 443|0x000000009bb00000, 0x000000009bb00000, 0x000000009bc00000|  0%| F|  |TAMS 0x000000009bb00000| PB 0x000000009bb00000| Untracked 
| 444|0x000000009bc00000, 0x000000009bc00000, 0x000000009bd00000|  0%| F|  |TAMS 0x000000009bc00000| PB 0x000000009bc00000| Untracked 
| 445|0x000000009bd00000, 0x000000009bd00000, 0x000000009be00000|  0%| F|  |TAMS 0x000000009bd00000| PB 0x000000009bd00000| Untracked 
| 446|0x000000009be00000, 0x000000009be00000, 0x000000009bf00000|  0%| F|  |TAMS 0x000000009be00000| PB 0x000000009be00000| Untracked 
| 447|0x000000009bf00000, 0x000000009bf00000, 0x000000009c000000|  0%| F|  |TAMS 0x000000009bf00000| PB 0x000000009bf00000| Untracked 
| 448|0x000000009c000000, 0x000000009c000000, 0x000000009c100000|  0%| F|  |TAMS 0x000000009c000000| PB 0x000000009c000000| Untracked 
| 449|0x000000009c100000, 0x000000009c100000, 0x000000009c200000|  0%| F|  |TAMS 0x000000009c100000| PB 0x000000009c100000| Untracked 
| 450|0x000000009c200000, 0x000000009c200000, 0x000000009c300000|  0%| F|  |TAMS 0x000000009c200000| PB 0x000000009c200000| Untracked 
| 451|0x000000009c300000, 0x000000009c300000, 0x000000009c400000|  0%| F|  |TAMS 0x000000009c300000| PB 0x000000009c300000| Untracked 
| 452|0x000000009c400000, 0x000000009c400000, 0x000000009c500000|  0%| F|  |TAMS 0x000000009c400000| PB 0x000000009c400000| Untracked 
| 453|0x000000009c500000, 0x000000009c500000, 0x000000009c600000|  0%| F|  |TAMS 0x000000009c500000| PB 0x000000009c500000| Untracked 
| 454|0x000000009c600000, 0x000000009c600000, 0x000000009c700000|  0%| F|  |TAMS 0x000000009c600000| PB 0x000000009c600000| Untracked 
| 455|0x000000009c700000, 0x000000009c700000, 0x000000009c800000|  0%| F|  |TAMS 0x000000009c700000| PB 0x000000009c700000| Untracked 
| 456|0x000000009c800000, 0x000000009c800000, 0x000000009c900000|  0%| F|  |TAMS 0x000000009c800000| PB 0x000000009c800000| Untracked 
| 457|0x000000009c900000, 0x000000009c900000, 0x000000009ca00000|  0%| F|  |TAMS 0x000000009c900000| PB 0x000000009c900000| Untracked 
| 458|0x000000009ca00000, 0x000000009ca00000, 0x000000009cb00000|  0%| F|  |TAMS 0x000000009ca00000| PB 0x000000009ca00000| Untracked 
| 459|0x000000009cb00000, 0x000000009cb00000, 0x000000009cc00000|  0%| F|  |TAMS 0x000000009cb00000| PB 0x000000009cb00000| Untracked 
| 460|0x000000009cc00000, 0x000000009cc00000, 0x000000009cd00000|  0%| F|  |TAMS 0x000000009cc00000| PB 0x000000009cc00000| Untracked 
| 461|0x000000009cd00000, 0x000000009cd00000, 0x000000009ce00000|  0%| F|  |TAMS 0x000000009cd00000| PB 0x000000009cd00000| Untracked 
| 462|0x000000009ce00000, 0x000000009ce00000, 0x000000009cf00000|  0%| F|  |TAMS 0x000000009ce00000| PB 0x000000009ce00000| Untracked 
| 463|0x000000009cf00000, 0x000000009cf00000, 0x000000009d000000|  0%| F|  |TAMS 0x000000009cf00000| PB 0x000000009cf00000| Untracked 
| 464|0x000000009d000000, 0x000000009d000000, 0x000000009d100000|  0%| F|  |TAMS 0x000000009d000000| PB 0x000000009d000000| Untracked 
| 465|0x000000009d100000, 0x000000009d100000, 0x000000009d200000|  0%| F|  |TAMS 0x000000009d100000| PB 0x000000009d100000| Untracked 
| 466|0x000000009d200000, 0x000000009d200000, 0x000000009d300000|  0%| F|  |TAMS 0x000000009d200000| PB 0x000000009d200000| Untracked 
| 467|0x000000009d300000, 0x000000009d300000, 0x000000009d400000|  0%| F|  |TAMS 0x000000009d300000| PB 0x000000009d300000| Untracked 
| 468|0x000000009d400000, 0x000000009d400000, 0x000000009d500000|  0%| F|  |TAMS 0x000000009d400000| PB 0x000000009d400000| Untracked 
| 469|0x000000009d500000, 0x000000009d500000, 0x000000009d600000|  0%| F|  |TAMS 0x000000009d500000| PB 0x000000009d500000| Untracked 
| 470|0x000000009d600000, 0x000000009d600000, 0x000000009d700000|  0%| F|  |TAMS 0x000000009d600000| PB 0x000000009d600000| Untracked 
| 471|0x000000009d700000, 0x000000009d700000, 0x000000009d800000|  0%| F|  |TAMS 0x000000009d700000| PB 0x000000009d700000| Untracked 
| 472|0x000000009d800000, 0x000000009d800000, 0x000000009d900000|  0%| F|  |TAMS 0x000000009d800000| PB 0x000000009d800000| Untracked 
| 473|0x000000009d900000, 0x000000009d900000, 0x000000009da00000|  0%| F|  |TAMS 0x000000009d900000| PB 0x000000009d900000| Untracked 
| 474|0x000000009da00000, 0x000000009da00000, 0x000000009db00000|  0%| F|  |TAMS 0x000000009da00000| PB 0x000000009da00000| Untracked 
| 475|0x000000009db00000, 0x000000009db00000, 0x000000009dc00000|  0%| F|  |TAMS 0x000000009db00000| PB 0x000000009db00000| Untracked 
| 476|0x000000009dc00000, 0x000000009dc00000, 0x000000009dd00000|  0%| F|  |TAMS 0x000000009dc00000| PB 0x000000009dc00000| Untracked 
| 477|0x000000009dd00000, 0x000000009dd00000, 0x000000009de00000|  0%| F|  |TAMS 0x000000009dd00000| PB 0x000000009dd00000| Untracked 
| 478|0x000000009de00000, 0x000000009de00000, 0x000000009df00000|  0%| F|  |TAMS 0x000000009de00000| PB 0x000000009de00000| Untracked 
| 479|0x000000009df00000, 0x000000009df00000, 0x000000009e000000|  0%| F|  |TAMS 0x000000009df00000| PB 0x000000009df00000| Untracked 
| 480|0x000000009e000000, 0x000000009e000000, 0x000000009e100000|  0%| F|  |TAMS 0x000000009e000000| PB 0x000000009e000000| Untracked 
|2025|0x00000000fe900000, 0x00000000fea00000, 0x00000000fea00000|100%| O|  |TAMS 0x00000000fea00000| PB 0x00000000fe900000| Untracked 
|2026|0x00000000fea00000, 0x00000000fea00000, 0x00000000feb00000|  0%| F|  |TAMS 0x00000000fea00000| PB 0x00000000fea00000| Untracked 
|2027|0x00000000feb00000, 0x00000000feb00000, 0x00000000fec00000|  0%| F|  |TAMS 0x00000000feb00000| PB 0x00000000feb00000| Untracked 
|2028|0x00000000fec00000, 0x00000000fed00000, 0x00000000fed00000|100%| O|  |TAMS 0x00000000fed00000| PB 0x00000000fec00000| Untracked 
|2029|0x00000000fed00000, 0x00000000fee00000, 0x00000000fee00000|100%| O|  |TAMS 0x00000000fee00000| PB 0x00000000fed00000| Untracked 
|2030|0x00000000fee00000, 0x00000000fef00000, 0x00000000fef00000|100%| O|  |TAMS 0x00000000fef00000| PB 0x00000000fee00000| Untracked 
|2031|0x00000000fef00000, 0x00000000ff000000, 0x00000000ff000000|100%| O|  |TAMS 0x00000000ff000000| PB 0x00000000fef00000| Untracked 
|2032|0x00000000ff000000, 0x00000000ff100000, 0x00000000ff100000|100%| O|  |TAMS 0x00000000ff100000| PB 0x00000000ff000000| Untracked 
|2033|0x00000000ff100000, 0x00000000ff200000, 0x00000000ff200000|100%| O|  |TAMS 0x00000000ff200000| PB 0x00000000ff100000| Untracked 
|2034|0x00000000ff200000, 0x00000000ff200000, 0x00000000ff300000|  0%| F|  |TAMS 0x00000000ff200000| PB 0x00000000ff200000| Untracked 
|2035|0x00000000ff300000, 0x00000000ff400000, 0x00000000ff400000|100%| O|  |TAMS 0x00000000ff400000| PB 0x00000000ff300000| Untracked 
|2036|0x00000000ff400000, 0x00000000ff500000, 0x00000000ff500000|100%| O|  |TAMS 0x00000000ff500000| PB 0x00000000ff400000| Untracked 
|2037|0x00000000ff500000, 0x00000000ff600000, 0x00000000ff600000|100%| O|  |TAMS 0x00000000ff600000| PB 0x00000000ff500000| Untracked 
|2038|0x00000000ff600000, 0x00000000ff700000, 0x00000000ff700000|100%| O|  |TAMS 0x00000000ff700000| PB 0x00000000ff600000| Untracked 
|2039|0x00000000ff700000, 0x00000000ff700000, 0x00000000ff800000|  0%| F|  |TAMS 0x00000000ff700000| PB 0x00000000ff700000| Untracked 
|2040|0x00000000ff800000, 0x00000000ff900000, 0x00000000ff900000|100%| O|  |TAMS 0x00000000ff900000| PB 0x00000000ff800000| Untracked 
|2041|0x00000000ff900000, 0x00000000ff900000, 0x00000000ffa00000|  0%| F|  |TAMS 0x00000000ff900000| PB 0x00000000ff900000| Untracked 
|2042|0x00000000ffa00000, 0x00000000ffb00000, 0x00000000ffb00000|100%| O|  |TAMS 0x00000000ffb00000| PB 0x00000000ffa00000| Untracked 
|2043|0x00000000ffb00000, 0x00000000ffc00000, 0x00000000ffc00000|100%| O|  |TAMS 0x00000000ffc00000| PB 0x00000000ffb00000| Untracked 
|2044|0x00000000ffc00000, 0x00000000ffd00000, 0x00000000ffd00000|100%| O|  |TAMS 0x00000000ffd00000| PB 0x00000000ffc00000| Untracked 
|2045|0x00000000ffd00000, 0x00000000ffe00000, 0x00000000ffe00000|100%| O|  |TAMS 0x00000000ffe00000| PB 0x00000000ffd00000| Untracked 
|2046|0x00000000ffe00000, 0x00000000fff00000, 0x00000000fff00000|100%| O|  |TAMS 0x00000000fff00000| PB 0x00000000ffe00000| Untracked 
|2047|0x00000000fff00000, 0x00000000fff00000, 0x0000000100000000|  0%| F|  |TAMS 0x00000000fff00000| PB 0x00000000fff00000| Untracked 

Card table byte_map: [0x000001d269350000,0x000001d269750000] _byte_map_base: 0x000001d268f50000

Marking Bits: (CMBitMap*) 0x000001d2568f6180
 Bits: [0x000001d269750000, 0x000001d26b750000)

Polling page: 0x000001d2546e0000

Metaspace:

Usage:
  Non-class:    114.20 MB used.
      Class:     18.91 MB used.
       Both:    133.11 MB used.

Virtual space:
  Non-class space:      128.00 MB reserved,     115.44 MB ( 90%) committed,  2 nodes.
      Class space:        1.00 GB reserved,      20.06 MB (  2%) committed,  1 nodes.
             Both:        1.12 GB reserved,     135.50 MB ( 12%) committed. 

Chunk freelists:
   Non-Class:  12.09 MB
       Class:  11.94 MB
        Both:  24.03 MB

MaxMetaspaceSize: unlimited
CompressedClassSpaceSize: 1.00 GB
Initial GC threshold: 21.00 MB
Current GC threshold: 220.56 MB
CDS: off
 - commit_granule_bytes: 65536.
 - commit_granule_words: 8192.
 - virtual_space_node_default_size: 8388608.
 - enlarge_chunks_in_place: 1.
 - use_allocation_guard: 0.


Internal statistics:

num_allocs_failed_limit: 9.
num_arena_births: 4812.
num_arena_deaths: 24.
num_vsnodes_births: 3.
num_vsnodes_deaths: 0.
num_space_committed: 2166.
num_space_uncommitted: 0.
num_chunks_returned_to_freelist: 43.
num_chunks_taken_from_freelist: 10741.
num_chunk_merges: 23.
num_chunk_splits: 7041.
num_chunks_enlarged: 4449.
num_inconsistent_stats: 0.

CodeHeap 'non-profiled nmethods': size=120000Kb used=8398Kb max_used=8432Kb free=111601Kb
 bounds [0x000001d2614d0000, 0x000001d261d30000, 0x000001d268a00000]
CodeHeap 'profiled nmethods': size=120000Kb used=25544Kb max_used=26794Kb free=94455Kb
 bounds [0x000001d259a00000, 0x000001d25b430000, 0x000001d260f30000]
CodeHeap 'non-nmethods': size=5760Kb used=2066Kb max_used=2126Kb free=3693Kb
 bounds [0x000001d260f30000, 0x000001d2611a0000, 0x000001d2614d0000]
CodeCache: size=245760Kb, used=36008Kb, max_used=37352Kb, free=209749Kb
 total_blobs=14380, nmethods=13438, adapters=846, full_count=0
Compilation: enabled, stopped_count=0, restarted_count=0

Compilation events (20 events):
Event: 61.017 Thread 0x000001d26e5c2650 nmethod 16542 0x000001d259da5190 code [0x000001d259da5340, 0x000001d259da5508]
Event: 61.017 Thread 0x000001d26e5c2650 16536       2       com.android.tools.r8.graph.ta$$Lambda/0x00000001013fa7f8::<init> (20 bytes)
Event: 61.018 Thread 0x000001d26e5c2650 nmethod 16536 0x000001d259da4d10 code [0x000001d259da4ec0, 0x000001d259da50d8]
Event: 61.023 Thread 0x000001d26e5c2650 16544       3       com.android.tools.r8.internal.o72::a (62 bytes)
Event: 61.024 Thread 0x000001d26e5c2650 nmethod 16544 0x000001d25b14ae10 code [0x000001d25b14b040, 0x000001d25b14b710]
Event: 61.027 Thread 0x000001d26e5c2650 16547       2       com.android.tools.r8.graph.i6::X0 (19 bytes)
Event: 61.027 Thread 0x000001d26e5c2650 nmethod 16547 0x000001d259da4910 code [0x000001d259da4ac0, 0x000001d259da4c38]
Event: 61.027 Thread 0x000001d26e5c2650 16548       2       com.android.tools.r8.graph.i6::L0 (19 bytes)
Event: 61.027 Thread 0x000001d26e5c2650 nmethod 16548 0x000001d259da4290 code [0x000001d259da4440, 0x000001d259da45b8]
Event: 61.027 Thread 0x000001d26e5c2650 16549       2       com.android.tools.r8.graph.i6::N0 (19 bytes)
Event: 61.028 Thread 0x000001d26e5c2650 nmethod 16549 0x000001d25b14aa10 code [0x000001d25b14abc0, 0x000001d25b14ad38]
Event: 61.028 Thread 0x000001d26e5c2650 16550       2       com.android.tools.r8.graph.i6::R0 (19 bytes)
Event: 61.028 Thread 0x000001d26e5c2650 nmethod 16550 0x000001d25b14a610 code [0x000001d25b14a7c0, 0x000001d25b14a938]
Event: 61.028 Thread 0x000001d26e5c2650 16551       2       com.android.tools.r8.graph.i6::M0 (19 bytes)
Event: 61.028 Thread 0x000001d26e5c2650 nmethod 16551 0x000001d25b14a210 code [0x000001d25b14a3c0, 0x000001d25b14a538]
Event: 61.049 Thread 0x000001d26e5c2650 16555       2       com.android.tools.r8.graph.ic::getHolder (5 bytes)
Event: 61.049 Thread 0x000001d26e5c2650 nmethod 16555 0x000001d25b149e90 code [0x000001d25b14a020, 0x000001d25b14a130]
Event: 61.049 Thread 0x000001d26e5c2650 16556       2       com.android.tools.r8.graph.va::a (314 bytes)
Event: 61.050 Thread 0x000001d26e5c2650 nmethod 16556 0x000001d25b18dd90 code [0x000001d25b18e120, 0x000001d25b18f578]
Event: 61.050 Thread 0x000001d26e5c2650 16557       2       com.android.tools.r8.graph.e::a (239 bytes)

GC Heap History (20 events):
Event: 50.792 GC heap after
{Heap after GC invocations=67 (full 0):
 garbage-first heap   total 215040K, used 129155K [0x0000000080000000, 0x0000000100000000)
  region size 1024K, 6 young (6144K), 6 survivors (6144K)
 Metaspace       used 122460K, committed 124800K, reserved 1179648K
  class space    used 17102K, committed 18240K, reserved 1048576K
}
Event: 50.910 GC heap before
{Heap before GC invocations=67 (full 0):
 garbage-first heap   total 217088K, used 201859K [0x0000000080000000, 0x0000000100000000)
  region size 1024K, 77 young (78848K), 6 survivors (6144K)
 Metaspace       used 122522K, committed 124928K, reserved 1179648K
  class space    used 17113K, committed 18240K, reserved 1048576K
}
Event: 50.917 GC heap after
{Heap after GC invocations=68 (full 0):
 garbage-first heap   total 419840K, used 129426K [0x0000000080000000, 0x0000000100000000)
  region size 1024K, 3 young (3072K), 3 survivors (3072K)
 Metaspace       used 122522K, committed 124928K, reserved 1179648K
  class space    used 17113K, committed 18240K, reserved 1048576K
}
Event: 51.895 GC heap before
{Heap before GC invocations=69 (full 0):
 garbage-first heap   total 419840K, used 377234K [0x0000000080000000, 0x0000000100000000)
  region size 1024K, 246 young (251904K), 3 survivors (3072K)
 Metaspace       used 123527K, committed 125888K, reserved 1179648K
  class space    used 17273K, committed 18368K, reserved 1048576K
}
Event: 51.907 GC heap after
{Heap after GC invocations=70 (full 0):
 garbage-first heap   total 419840K, used 155516K [0x0000000080000000, 0x0000000100000000)
  region size 1024K, 28 young (28672K), 28 survivors (28672K)
 Metaspace       used 123527K, committed 125888K, reserved 1179648K
  class space    used 17273K, committed 18368K, reserved 1048576K
}
Event: 54.584 GC heap before
{Heap before GC invocations=70 (full 0):
 garbage-first heap   total 419840K, used 361340K [0x0000000080000000, 0x0000000100000000)
  region size 1024K, 230 young (235520K), 28 survivors (28672K)
 Metaspace       used 128530K, committed 130944K, reserved 1179648K
  class space    used 18035K, committed 19200K, reserved 1048576K
}
Event: 54.618 GC heap after
{Heap after GC invocations=71 (full 0):
 garbage-first heap   total 430080K, used 192348K [0x0000000080000000, 0x0000000100000000)
  region size 1024K, 29 young (29696K), 29 survivors (29696K)
 Metaspace       used 128530K, committed 130944K, reserved 1179648K
  class space    used 18035K, committed 19200K, reserved 1048576K
}
Event: 55.406 GC heap before
{Heap before GC invocations=71 (full 0):
 garbage-first heap   total 430080K, used 362332K [0x0000000080000000, 0x0000000100000000)
  region size 1024K, 196 young (200704K), 29 survivors (29696K)
 Metaspace       used 129210K, committed 131584K, reserved 1179648K
  class space    used 18161K, committed 19328K, reserved 1048576K
}
Event: 55.459 GC heap after
{Heap after GC invocations=72 (full 0):
 garbage-first heap   total 430080K, used 227236K [0x0000000080000000, 0x0000000100000000)
  region size 1024K, 25 young (25600K), 25 survivors (25600K)
 Metaspace       used 129210K, committed 131584K, reserved 1179648K
  class space    used 18161K, committed 19328K, reserved 1048576K
}
Event: 57.714 GC heap before
{Heap before GC invocations=73 (full 0):
 garbage-first heap   total 430080K, used 364452K [0x0000000080000000, 0x0000000100000000)
  region size 1024K, 160 young (163840K), 25 survivors (25600K)
 Metaspace       used 132522K, committed 134976K, reserved 1179648K
  class space    used 18717K, committed 19904K, reserved 1048576K
}
Event: 57.760 GC heap after
{Heap after GC invocations=74 (full 0):
 garbage-first heap   total 430080K, used 256000K [0x0000000080000000, 0x0000000100000000)
  region size 1024K, 20 young (20480K), 20 survivors (20480K)
 Metaspace       used 132522K, committed 134976K, reserved 1179648K
  class space    used 18717K, committed 19904K, reserved 1048576K
}
Event: 57.996 GC heap before
{Heap before GC invocations=74 (full 0):
 garbage-first heap   total 430080K, used 370688K [0x0000000080000000, 0x0000000100000000)
  region size 1024K, 133 young (136192K), 20 survivors (20480K)
 Metaspace       used 132700K, committed 135168K, reserved 1179648K
  class space    used 18748K, committed 19968K, reserved 1048576K
}
Event: 58.023 GC heap after
{Heap after GC invocations=75 (full 0):
 garbage-first heap   total 430080K, used 283648K [0x0000000080000000, 0x0000000100000000)
  region size 1024K, 17 young (17408K), 17 survivors (17408K)
 Metaspace       used 132700K, committed 135168K, reserved 1179648K
  class space    used 18748K, committed 19968K, reserved 1048576K
}
Event: 58.284 GC heap before
{Heap before GC invocations=75 (full 0):
 garbage-first heap   total 430080K, used 378880K [0x0000000080000000, 0x0000000100000000)
  region size 1024K, 110 young (112640K), 17 survivors (17408K)
 Metaspace       used 132902K, committed 135360K, reserved 1179648K
  class space    used 18775K, committed 19968K, reserved 1048576K
}
Event: 58.316 GC heap after
{Heap after GC invocations=76 (full 0):
 garbage-first heap   total 430080K, used 309248K [0x0000000080000000, 0x0000000100000000)
  region size 1024K, 14 young (14336K), 14 survivors (14336K)
 Metaspace       used 132902K, committed 135360K, reserved 1179648K
  class space    used 18775K, committed 19968K, reserved 1048576K
}
Event: 60.413 GC heap before
{Heap before GC invocations=77 (full 0):
 garbage-first heap   total 516096K, used 386048K [0x0000000080000000, 0x0000000100000000)
  region size 1024K, 90 young (92160K), 14 survivors (14336K)
 Metaspace       used 135470K, committed 137856K, reserved 1179648K
  class space    used 19240K, committed 20416K, reserved 1048576K
}
Event: 60.459 GC heap after
{Heap after GC invocations=78 (full 0):
 garbage-first heap   total 516096K, used 325120K [0x0000000080000000, 0x0000000100000000)
  region size 1024K, 12 young (12288K), 12 survivors (12288K)
 Metaspace       used 135470K, committed 137856K, reserved 1179648K
  class space    used 19240K, committed 20416K, reserved 1048576K
}
Event: 60.674 GC heap before
{Heap before GC invocations=78 (full 0):
 garbage-first heap   total 516096K, used 450048K [0x0000000080000000, 0x0000000100000000)
  region size 1024K, 134 young (137216K), 12 survivors (12288K)
 Metaspace       used 135622K, committed 138112K, reserved 1179648K
  class space    used 19268K, committed 20480K, reserved 1048576K
}
Event: 60.699 GC heap after
{Heap after GC invocations=79 (full 0):
 garbage-first heap   total 516096K, used 350566K [0x0000000080000000, 0x0000000100000000)
  region size 1024K, 17 young (17408K), 17 survivors (17408K)
 Metaspace       used 135622K, committed 138112K, reserved 1179648K
  class space    used 19268K, committed 20480K, reserved 1048576K
}
Event: 61.052 GC heap before
{Heap before GC invocations=79 (full 0):
 garbage-first heap   total 516096K, used 458086K [0x0000000080000000, 0x0000000100000000)
  region size 1024K, 122 young (124928K), 17 survivors (17408K)
 Metaspace       used 136309K, committed 138752K, reserved 1179648K
  class space    used 19366K, committed 20544K, reserved 1048576K
}

Dll operation events (3 events):
Event: 0.019 Loaded shared library C:\Program Files\Android\Android Studio\jbr\bin\java.dll
Event: 0.036 Loaded shared library C:\Program Files\Android\Android Studio\jbr\bin\zip.dll
Event: 1.913 Loaded shared library C:\Program Files\Android\Android Studio\jbr\bin\verify.dll

Deoptimization events (20 events):
Event: 60.773 Thread 0x000001d2754e2090 DEOPT PACKING pc=0x000001d2616bbf6c sp=0x00000080c51f9100
Event: 60.773 Thread 0x000001d2754e2090 DEOPT UNPACKING pc=0x000001d260f843a2 sp=0x00000080c51f90b8 mode 2
Event: 60.778 Thread 0x000001d2754e2090 DEOPT PACKING pc=0x000001d25b34c69d sp=0x00000080c51f9220
Event: 60.778 Thread 0x000001d2754e2090 DEOPT UNPACKING pc=0x000001d260f84b42 sp=0x00000080c51f86d8 mode 0
Event: 60.780 Thread 0x000001d2754e2090 DEOPT PACKING pc=0x000001d25b380be7 sp=0x00000080c51f9010
Event: 60.780 Thread 0x000001d2754e2090 DEOPT UNPACKING pc=0x000001d260f84b42 sp=0x00000080c51f8828 mode 0
Event: 60.819 Thread 0x000001d2785bd260 DEOPT PACKING pc=0x000001d25b34c69d sp=0x00000080c91f4f30
Event: 60.819 Thread 0x000001d2785bd260 DEOPT UNPACKING pc=0x000001d260f84b42 sp=0x00000080c91f43e8 mode 0
Event: 60.857 Thread 0x000001d2754e0650 Uncommon trap: trap_request=0xffffffc6 fr.pc=0x000001d261cb7bb4 relative=0x00000000000023b4
Event: 60.857 Thread 0x000001d2754e0650 Uncommon trap: reason=bimorphic_or_optimized_type_check action=maybe_recompile pc=0x000001d261cb7bb4 method=com.google.common.util.concurrent.TrustedListenableFutureTask$TrustedFutureInterruptibleTask.runInterruptibly()Ljava/lang/Object; @ 4 c2
Event: 60.857 Thread 0x000001d2754e0650 DEOPT PACKING pc=0x000001d261cb7bb4 sp=0x00000080c57fa6f0
Event: 60.857 Thread 0x000001d2754e0650 DEOPT UNPACKING pc=0x000001d260f843a2 sp=0x00000080c57fa738 mode 2
Event: 60.890 Thread 0x000001d274868070 Uncommon trap: trap_request=0xffffffc6 fr.pc=0x000001d261cb7bb4 relative=0x00000000000023b4
Event: 60.890 Thread 0x000001d274868070 Uncommon trap: reason=bimorphic_or_optimized_type_check action=maybe_recompile pc=0x000001d261cb7bb4 method=com.google.common.util.concurrent.TrustedListenableFutureTask$TrustedFutureInterruptibleTask.runInterruptibly()Ljava/lang/Object; @ 4 c2
Event: 60.890 Thread 0x000001d274868070 DEOPT PACKING pc=0x000001d261cb7bb4 sp=0x00000080c4ffa8a0
Event: 60.890 Thread 0x000001d274868070 DEOPT UNPACKING pc=0x000001d260f843a2 sp=0x00000080c4ffa8e8 mode 2
Event: 60.926 Thread 0x000001d2785bd260 DEOPT PACKING pc=0x000001d25b34c69d sp=0x00000080c91f4fb0
Event: 60.926 Thread 0x000001d2785bd260 DEOPT UNPACKING pc=0x000001d260f84b42 sp=0x00000080c91f4468 mode 0
Event: 60.999 Thread 0x000001d2785bd260 DEOPT PACKING pc=0x000001d25b34c69d sp=0x00000080c91f4f80
Event: 60.999 Thread 0x000001d2785bd260 DEOPT UNPACKING pc=0x000001d260f84b42 sp=0x00000080c91f4438 mode 0

Classes loaded (20 events):
Event: 56.957 Loading class sun/rmi/server/UnicastServerRef$HashToMethod_Maps$1
Event: 56.957 Loading class sun/rmi/server/UnicastServerRef$HashToMethod_Maps$1 done
Event: 56.975 Loading class sun/rmi/server/LoaderHandler$Loader
Event: 56.976 Loading class sun/rmi/server/LoaderHandler$Loader done
Event: 56.985 Loading class java/rmi/server/ServerNotActiveException
Event: 56.985 Loading class java/rmi/server/ServerNotActiveException done
Event: 56.993 Loading class sun/rmi/transport/DGCAckHandler
Event: 56.993 Loading class sun/rmi/transport/DGCAckHandler done
Event: 57.001 Loading class sun/rmi/transport/DGCAckHandler$1
Event: 57.001 Loading class sun/rmi/transport/DGCAckHandler$1 done
Event: 57.074 Loading class sun/rmi/transport/tcp/TCPTransport$ConnectionHandler
Event: 57.075 Loading class sun/rmi/transport/tcp/TCPTransport$ConnectionHandler done
Event: 57.084 Loading class sun/rmi/transport/Transport$1
Event: 57.084 Loading class sun/rmi/transport/Transport$1 done
Event: 57.085 Loading class sun/rmi/transport/DGCImpl$LeaseInfo
Event: 57.085 Loading class sun/rmi/transport/DGCImpl$LeaseInfo done
Event: 57.085 Loading class sun/rmi/transport/DGCImpl$1
Event: 57.086 Loading class sun/rmi/transport/DGCImpl$1 done
Event: 57.086 Loading class sun/rmi/transport/SequenceEntry
Event: 57.086 Loading class sun/rmi/transport/SequenceEntry done

Classes unloaded (12 events):
Event: 58.543 Thread 0x000001d26e383dd0 Unloading class 0x000000010131a400 'java/lang/invoke/LambdaForm$DMH+0x000000010131a400'
Event: 58.544 Thread 0x000001d26e383dd0 Unloading class 0x000000010131a000 'java/lang/invoke/LambdaForm$DMH+0x000000010131a000'
Event: 58.544 Thread 0x000001d26e383dd0 Unloading class 0x0000000101319c00 'java/lang/invoke/LambdaForm$DMH+0x0000000101319c00'
Event: 58.544 Thread 0x000001d26e383dd0 Unloading class 0x0000000101319800 'java/lang/invoke/LambdaForm$DMH+0x0000000101319800'
Event: 58.544 Thread 0x000001d26e383dd0 Unloading class 0x0000000101319400 'java/lang/invoke/LambdaForm$DMH+0x0000000101319400'
Event: 58.544 Thread 0x000001d26e383dd0 Unloading class 0x0000000101319000 'java/lang/invoke/LambdaForm$DMH+0x0000000101319000'
Event: 58.544 Thread 0x000001d26e383dd0 Unloading class 0x0000000101318800 'java/lang/invoke/LambdaForm$DMH+0x0000000101318800'
Event: 58.544 Thread 0x000001d26e383dd0 Unloading class 0x0000000101318400 'java/lang/invoke/LambdaForm$DMH+0x0000000101318400'
Event: 58.544 Thread 0x000001d26e383dd0 Unloading class 0x0000000101318c00 'java/lang/invoke/LambdaForm$DMH+0x0000000101318c00'
Event: 58.544 Thread 0x000001d26e383dd0 Unloading class 0x000000010129c800 'java/lang/invoke/LambdaForm$DMH+0x000000010129c800'
Event: 58.544 Thread 0x000001d26e383dd0 Unloading class 0x000000010129cc00 'java/lang/invoke/LambdaForm$DMH+0x000000010129cc00'
Event: 58.544 Thread 0x000001d26e383dd0 Unloading class 0x000000010129c000 'java/lang/invoke/LambdaForm$DMH+0x000000010129c000'

Classes redefined (0 events):
No events

Internal exceptions (20 events):
Event: 60.955 Thread 0x000001d2754e0650 Exception <a 'sun/nio/fs/WindowsException'{0x0000000098fbadd0}> (0x0000000098fbadd0) 
thrown [s\src\hotspot\share\prims\jni.cpp, line 537]
Event: 60.959 Thread 0x000001d2754e1370 Exception <a 'sun/nio/fs/WindowsException'{0x0000000098e20fd8}> (0x0000000098e20fd8) 
thrown [s\src\hotspot\share\prims\jni.cpp, line 537]
Event: 60.970 Thread 0x000001d277108460 Exception <a 'sun/nio/fs/WindowsException'{0x000000009982c1e8}> (0x000000009982c1e8) 
thrown [s\src\hotspot\share\prims\jni.cpp, line 537]
Event: 60.973 Thread 0x000001d277108460 Exception <a 'sun/nio/fs/WindowsException'{0x000000009983a3d0}> (0x000000009983a3d0) 
thrown [s\src\hotspot\share\prims\jni.cpp, line 537]
Event: 60.980 Thread 0x000001d277108460 Exception <a 'sun/nio/fs/WindowsException'{0x0000000098a94fe8}> (0x0000000098a94fe8) 
thrown [s\src\hotspot\share\prims\jni.cpp, line 537]
Event: 60.986 Thread 0x000001d277108460 Exception <a 'sun/nio/fs/WindowsException'{0x0000000098aa00f8}> (0x0000000098aa00f8) 
thrown [s\src\hotspot\share\prims\jni.cpp, line 537]
Event: 60.998 Thread 0x000001d277108460 Exception <a 'sun/nio/fs/WindowsException'{0x0000000098aae7e0}> (0x0000000098aae7e0) 
thrown [s\src\hotspot\share\prims\jni.cpp, line 537]
Event: 61.006 Thread 0x000001d2754e0650 Exception <a 'java/lang/IncompatibleClassChangeError'{0x0000000098796de0}: Found class java.lang.Object, but interface was expected> (0x0000000098796de0) 
thrown [s\src\hotspot\share\interpreter\linkResolver.cpp, line 851]
Event: 61.006 Thread 0x000001d274868070 Exception <a 'java/lang/IncompatibleClassChangeError'{0x0000000098c24180}: Found class java.lang.Object, but interface was expected> (0x0000000098c24180) 
thrown [s\src\hotspot\share\interpreter\linkResolver.cpp, line 851]
Event: 61.006 Thread 0x000001d277108460 Exception <a 'java/lang/IncompatibleClassChangeError'{0x0000000098ac6f70}: Found class java.lang.Object, but interface was expected> (0x0000000098ac6f70) 
thrown [s\src\hotspot\share\interpreter\linkResolver.cpp, line 851]
Event: 61.006 Thread 0x000001d2754e2720 Exception <a 'java/lang/IncompatibleClassChangeError'{0x000000009877a328}: Found class java.lang.Object, but interface was expected> (0x000000009877a328) 
thrown [s\src\hotspot\share\interpreter\linkResolver.cpp, line 851]
Event: 61.006 Thread 0x000001d2754e6f50 Exception <a 'java/lang/IncompatibleClassChangeError'{0x00000000989396c0}: Found class java.lang.Object, but interface was expected> (0x00000000989396c0) 
thrown [s\src\hotspot\share\interpreter\linkResolver.cpp, line 851]
Event: 61.007 Thread 0x000001d2754e0650 Exception <a 'java/lang/IncompatibleClassChangeError'{0x000000009879b368}: Found class java.lang.Object, but interface was expected> (0x000000009879b368) 
thrown [s\src\hotspot\share\interpreter\linkResolver.cpp, line 851]
Event: 61.007 Thread 0x000001d2754e2720 Exception <a 'java/lang/IncompatibleClassChangeError'{0x000000009877e890}: Found class java.lang.Object, but interface was expected> (0x000000009877e890) 
thrown [s\src\hotspot\share\interpreter\linkResolver.cpp, line 851]
Event: 61.007 Thread 0x000001d277108460 Exception <a 'java/lang/IncompatibleClassChangeError'{0x0000000098acb3e8}: Found class java.lang.Object, but interface was expected> (0x0000000098acb3e8) 
thrown [s\src\hotspot\share\interpreter\linkResolver.cpp, line 851]
Event: 61.008 Thread 0x000001d2754e2720 Exception <a 'sun/nio/fs/WindowsException'{0x0000000098600d80}> (0x0000000098600d80) 
thrown [s\src\hotspot\share\prims\jni.cpp, line 537]
Event: 61.020 Thread 0x000001d2754dffc0 Exception <a 'sun/nio/fs/WindowsException'{0x0000000098508d70}> (0x0000000098508d70) 
thrown [s\src\hotspot\share\prims\jni.cpp, line 537]
Event: 61.022 Thread 0x000001d277108460 Exception <a 'sun/nio/fs/WindowsException'{0x0000000098ad7458}> (0x0000000098ad7458) 
thrown [s\src\hotspot\share\prims\jni.cpp, line 537]
Event: 61.037 Thread 0x000001d277108460 Exception <a 'sun/nio/fs/WindowsException'{0x00000000983f8258}> (0x00000000983f8258) 
thrown [s\src\hotspot\share\prims\jni.cpp, line 537]
Event: 61.049 Thread 0x000001d277108460 Exception <a 'sun/nio/fs/WindowsException'{0x0000000098009528}> (0x0000000098009528) 
thrown [s\src\hotspot\share\prims\jni.cpp, line 537]

ZGC Phase Switch (0 events):
No events

VM Operations (20 events):
Event: 60.073 Executing VM operation: HandshakeAllThreads (Deoptimize) done
Event: 60.094 Executing VM operation: HandshakeAllThreads (HandshakeForDeflation)
Event: 60.108 Executing VM operation: HandshakeAllThreads (HandshakeForDeflation) done
Event: 60.108 Executing VM operation: RendezvousGCThreads
Event: 60.108 Executing VM operation: RendezvousGCThreads done
Event: 60.164 Executing VM operation: HandshakeAllThreads (Deoptimize)
Event: 60.165 Executing VM operation: HandshakeAllThreads (Deoptimize) done
Event: 60.413 Executing VM operation: G1CollectForAllocation (G1 Evacuation Pause)
Event: 60.459 Executing VM operation: G1CollectForAllocation (G1 Evacuation Pause) done
Event: 60.673 Executing VM operation: G1CollectForAllocation (G1 Evacuation Pause)
Event: 60.699 Executing VM operation: G1CollectForAllocation (G1 Evacuation Pause) done
Event: 60.848 Executing VM operation: HandshakeAllThreads (Deoptimize)
Event: 60.862 Executing VM operation: HandshakeAllThreads (Deoptimize) done
Event: 60.959 Executing VM operation: HandshakeAllThreads (Deoptimize)
Event: 60.963 Executing VM operation: HandshakeAllThreads (Deoptimize) done
Event: 60.996 Executing VM operation: HandshakeAllThreads (Deoptimize)
Event: 60.997 Executing VM operation: HandshakeAllThreads (Deoptimize) done
Event: 61.004 Executing VM operation: HandshakeAllThreads (Deoptimize)
Event: 61.004 Executing VM operation: HandshakeAllThreads (Deoptimize) done
Event: 61.051 Executing VM operation: G1CollectForAllocation (G1 Evacuation Pause)

Memory protections (0 events):
No events

Nmethod flushes (20 events):
Event: 59.157 Thread 0x000001d26e383dd0 flushing  nmethod 0x000001d25af8f190
Event: 59.157 Thread 0x000001d26e383dd0 flushing  nmethod 0x000001d25b185110
Event: 59.157 Thread 0x000001d26e383dd0 flushing  nmethod 0x000001d25b185710
Event: 59.157 Thread 0x000001d26e383dd0 flushing  nmethod 0x000001d25b186310
Event: 59.157 Thread 0x000001d26e383dd0 flushing  nmethod 0x000001d25b186790
Event: 59.157 Thread 0x000001d26e383dd0 flushing  nmethod 0x000001d25b188390
Event: 59.157 Thread 0x000001d26e383dd0 flushing  nmethod 0x000001d25b188810
Event: 59.157 Thread 0x000001d26e383dd0 flushing  nmethod 0x000001d25b188c90
Event: 59.157 Thread 0x000001d26e383dd0 flushing  nmethod 0x000001d25b189410
Event: 59.157 Thread 0x000001d26e383dd0 flushing  nmethod 0x000001d25b18a090
Event: 59.157 Thread 0x000001d26e383dd0 flushing  nmethod 0x000001d25b18a590
Event: 59.157 Thread 0x000001d26e383dd0 flushing  nmethod 0x000001d25b18ae10
Event: 59.157 Thread 0x000001d26e383dd0 flushing  nmethod 0x000001d25b18b410
Event: 59.157 Thread 0x000001d26e383dd0 flushing  nmethod 0x000001d25b18b910
Event: 59.157 Thread 0x000001d26e383dd0 flushing  nmethod 0x000001d25b18be10
Event: 59.157 Thread 0x000001d26e383dd0 flushing  nmethod 0x000001d25b29f290
Event: 59.157 Thread 0x000001d26e383dd0 flushing  nmethod 0x000001d25b29fe10
Event: 59.157 Thread 0x000001d26e383dd0 flushing  nmethod 0x000001d25b2a1f10
Event: 59.157 Thread 0x000001d26e383dd0 flushing  nmethod 0x000001d25b2a2310
Event: 59.157 Thread 0x000001d26e383dd0 flushing  nmethod 0x000001d25b2a2810

Events (20 events):
Event: 48.318 Thread 0x000001d2785bdf80 Thread added: 0x000001d27ed52d70
Event: 50.350 Thread 0x000001d2785bdf80 Thread added: 0x000001d27ed4ff80
Event: 50.379 Thread 0x000001d2785bf330 Thread added: 0x000001d27ed56880
Event: 50.380 Thread 0x000001d2785bf330 Thread added: 0x000001d27ed53a90
Event: 50.380 Thread 0x000001d2785bf330 Thread added: 0x000001d27ed54e40
Event: 50.381 Thread 0x000001d2785bf330 Thread added: 0x000001d27ed56f10
Event: 50.381 Thread 0x000001d2785bf330 Thread added: 0x000001d27ed554d0
Event: 50.382 Thread 0x000001d2785bf330 Thread added: 0x000001d27ed575a0
Event: 50.382 Thread 0x000001d2785bf330 Thread added: 0x000001d27ed55b60
Event: 50.382 Thread 0x000001d2785bf330 Thread added: 0x000001d27ed561f0
Event: 50.382 Thread 0x000001d2785bf330 Thread added: 0x000001d27d785c80
Event: 51.009 Thread 0x000001d27ed4ff80 Thread added: 0x000001d27d78dfc0
Event: 56.405 Thread 0x000001d27d78dfc0 Thread exited: 0x000001d27d78dfc0
Event: 56.635 Thread 0x000001d27ed4ff80 Thread added: 0x000001d27d78dfc0
Event: 56.664 Thread 0x000001d27ed4ff80 Thread added: 0x000001d27d792160
Event: 56.678 Loaded shared library C:\Program Files\Android\Android Studio\jbr\bin\rmi.dll
Event: 56.690 Thread 0x000001d27ed4ff80 Thread added: 0x000001d27d794230
Event: 56.956 Thread 0x000001d27ed4ff80 Thread added: 0x000001d27d7948c0
Event: 56.957 Thread 0x000001d27ed4ff80 Thread added: 0x000001d27d792e80
Event: 57.075 Thread 0x000001d27d7948c0 Thread added: 0x000001d27d794f50


Dynamic libraries:
0x00007ff619e60000 - 0x00007ff619e6a000 	C:\Program Files\Android\Android Studio\jbr\bin\java.exe
0x00007ffde7e40000 - 0x00007ffde80a7000 	C:\WINDOWS\SYSTEM32\ntdll.dll
0x00007ffde6990000 - 0x00007ffde6a59000 	C:\WINDOWS\System32\KERNEL32.DLL
0x00007ffde4810000 - 0x00007ffde4c01000 	C:\WINDOWS\System32\KERNELBASE.dll
0x00007ffde5a00000 - 0x00007ffde5b4b000 	C:\WINDOWS\System32\ucrtbase.dll
0x00007ffdd4960000 - 0x00007ffdd4978000 	C:\Program Files\Android\Android Studio\jbr\bin\jli.dll
0x00007ffdd1b90000 - 0x00007ffdd1bab000 	C:\Program Files\Android\Android Studio\jbr\bin\VCRUNTIME140.dll
0x00007ffde6310000 - 0x00007ffde64d5000 	C:\WINDOWS\System32\USER32.dll
0x00007ffde47e0000 - 0x00007ffde4807000 	C:\WINDOWS\System32\win32u.dll
0x00007ffde6d80000 - 0x00007ffde6dab000 	C:\WINDOWS\System32\GDI32.dll
0x00007ffdd0f70000 - 0x00007ffdd1203000 	C:\WINDOWS\WinSxS\amd64_microsoft.windows.common-controls_6595b64144ccf1df_6.0.26100.8037_none_3e092faae333b53b\COMCTL32.dll
0x00007ffde4ef0000 - 0x00007ffde501b000 	C:\WINDOWS\System32\gdi32full.dll
0x00007ffde4d90000 - 0x00007ffde4e33000 	C:\WINDOWS\System32\msvcp_win.dll
0x00007ffde70d0000 - 0x00007ffde7179000 	C:\WINDOWS\System32\msvcrt.dll
0x00007ffde6f20000 - 0x00007ffde6f51000 	C:\WINDOWS\System32\IMM32.DLL
0x00007ffdd1c40000 - 0x00007ffdd1c4c000 	C:\Program Files\Android\Android Studio\jbr\bin\vcruntime140_1.dll
0x00007ffdbc9e0000 - 0x00007ffdbca6d000 	C:\Program Files\Android\Android Studio\jbr\bin\msvcp140.dll
0x00007ffd0f3f0000 - 0x00007ffd10086000 	C:\Program Files\Android\Android Studio\jbr\bin\server\jvm.dll
0x00007ffde61d0000 - 0x00007ffde628b000 	C:\WINDOWS\System32\ADVAPI32.dll
0x00007ffde7bb0000 - 0x00007ffde7c57000 	C:\WINDOWS\System32\sechost.dll
0x00007ffde6f60000 - 0x00007ffde7078000 	C:\WINDOWS\System32\RPCRT4.dll
0x00007ffde6550000 - 0x00007ffde65c4000 	C:\WINDOWS\System32\WS2_32.dll
0x00007ffdd6640000 - 0x00007ffdd6675000 	C:\WINDOWS\SYSTEM32\WINMM.dll
0x00007ffde4580000 - 0x00007ffde45de000 	C:\WINDOWS\SYSTEM32\POWRPROF.dll
0x00007ffddc6a0000 - 0x00007ffddc6ab000 	C:\WINDOWS\SYSTEM32\VERSION.dll
0x00007ffde4560000 - 0x00007ffde4574000 	C:\WINDOWS\SYSTEM32\UMPDC.dll
0x00007ffde34b0000 - 0x00007ffde34cb000 	C:\WINDOWS\SYSTEM32\kernel.appcore.dll
0x00007ffdd1b80000 - 0x00007ffdd1b8a000 	C:\Program Files\Android\Android Studio\jbr\bin\jimage.dll
0x00007ffddb6d0000 - 0x00007ffddb912000 	C:\WINDOWS\SYSTEM32\DBGHELP.DLL
0x00007ffde65e0000 - 0x00007ffde6962000 	C:\WINDOWS\System32\combase.dll
0x00007ffde7260000 - 0x00007ffde7337000 	C:\WINDOWS\System32\OLEAUT32.dll
0x00007ffdc5d60000 - 0x00007ffdc5d9b000 	C:\WINDOWS\SYSTEM32\dbgcore.DLL
0x00007ffde4e40000 - 0x00007ffde4ee5000 	C:\WINDOWS\System32\bcryptPrimitives.dll
0x00007ffdd2310000 - 0x00007ffdd231e000 	C:\Program Files\Android\Android Studio\jbr\bin\instrument.dll
0x00007ffdd0770000 - 0x00007ffdd0790000 	C:\Program Files\Android\Android Studio\jbr\bin\java.dll
0x00007ffdd0640000 - 0x00007ffdd0658000 	C:\Program Files\Android\Android Studio\jbr\bin\zip.dll
0x00007ffde7440000 - 0x00007ffde7b9f000 	C:\WINDOWS\System32\SHELL32.dll
0x00007ffde5020000 - 0x00007ffde518a000 	C:\WINDOWS\System32\wintypes.dll
0x00007ffde5190000 - 0x00007ffde59f4000 	C:\WINDOWS\System32\windows.storage.dll
0x00007ffde6a60000 - 0x00007ffde6b57000 	C:\WINDOWS\System32\SHCORE.dll
0x00007ffde64e0000 - 0x00007ffde6547000 	C:\WINDOWS\System32\shlwapi.dll
0x00007ffde4640000 - 0x00007ffde4669000 	C:\WINDOWS\SYSTEM32\profapi.dll
0x00007ffdd0800000 - 0x00007ffdd0810000 	C:\Program Files\Android\Android Studio\jbr\bin\net.dll
0x00007ffddd600000 - 0x00007ffddd727000 	C:\WINDOWS\SYSTEM32\WINHTTP.dll
0x00007ffde3a20000 - 0x00007ffde3a8b000 	C:\WINDOWS\system32\mswsock.dll
0x00007ffdd00a0000 - 0x00007ffdd00b6000 	C:\Program Files\Android\Android Studio\jbr\bin\nio.dll
0x00007ffdcdec0000 - 0x00007ffdcded0000 	C:\Program Files\Android\Android Studio\jbr\bin\verify.dll
0x00007ffdd1c50000 - 0x00007ffdd1c77000 	C:\Users\jonat\.gradle\native\660c5614fbf4a5f2a75b1949f50a0caf5cd603558e7d8a26e50b933a0cfb79d1\windows-amd64\native-platform.dll
0x00007ffdae760000 - 0x00007ffdae7d7000 	C:\Users\jonat\.gradle\native\0.2.8\x86_64-windows-gnu\gradle-fileevents.dll
0x00007ffdce020000 - 0x00007ffdce029000 	C:\Program Files\Android\Android Studio\jbr\bin\management.dll
0x00007ffdce010000 - 0x00007ffdce01b000 	C:\Program Files\Android\Android Studio\jbr\bin\management_ext.dll
0x00007ffde65d0000 - 0x00007ffde65d8000 	C:\WINDOWS\System32\PSAPI.DLL
0x00007ffde2ec0000 - 0x00007ffde2ef3000 	C:\WINDOWS\SYSTEM32\IPHLPAPI.DLL
0x00007ffde6e50000 - 0x00007ffde6e5a000 	C:\WINDOWS\System32\NSI.dll
0x00007ffdd0600000 - 0x00007ffdd0609000 	C:\Program Files\Android\Android Studio\jbr\bin\extnet.dll
0x00007ffde3d00000 - 0x00007ffde3d1b000 	C:\WINDOWS\SYSTEM32\CRYPTSP.dll
0x00007ffde3410000 - 0x00007ffde3449000 	C:\WINDOWS\system32\rsaenh.dll
0x00007ffde3ad0000 - 0x00007ffde3b02000 	C:\WINDOWS\SYSTEM32\USERENV.dll
0x00007ffde4610000 - 0x00007ffde463a000 	C:\WINDOWS\SYSTEM32\bcrypt.dll
0x00007ffde3d20000 - 0x00007ffde3d2c000 	C:\WINDOWS\SYSTEM32\CRYPTBASE.dll
0x00007ffdc87a0000 - 0x00007ffdc87a8000 	C:\WINDOWS\system32\wshunix.dll
0x00007ffdd2160000 - 0x00007ffdd2167000 	C:\Program Files\Android\Android Studio\jbr\bin\rmi.dll

JVMTI agents:
C:\Users\jonat\.gradle\wrapper\dists\gradle-9.3.1-bin\23ovyewtku6u96viwx3xl3oks\gradle-9.3.1\lib\agents\gradle-instrumentation-agent-9.3.1.jar path:C:\Program Files\Android\Android Studio\jbr\bin\instrument.dll, loaded, initialized, instrumentlib options:none

dbghelp: loaded successfully - version: 4.0.5 - missing functions: none
symbol engine: initialized successfully - sym options: 0x614 - pdb path: .;C:\Program Files\Android\Android Studio\jbr\bin;C:\WINDOWS\SYSTEM32;C:\WINDOWS\WinSxS\amd64_microsoft.windows.common-controls_6595b64144ccf1df_6.0.26100.8037_none_3e092faae333b53b;C:\Program Files\Android\Android Studio\jbr\bin\server;C:\Users\jonat\.gradle\native\660c5614fbf4a5f2a75b1949f50a0caf5cd603558e7d8a26e50b933a0cfb79d1\windows-amd64;C:\Users\jonat\.gradle\native\0.2.8\x86_64-windows-gnu

VM Arguments:
jvm_args: --add-opens=java.base/java.lang=ALL-UNNAMED --add-opens=java.base/java.lang.invoke=ALL-UNNAMED --add-opens=java.base/java.util=ALL-UNNAMED --add-opens=java.prefs/java.util.prefs=ALL-UNNAMED --add-exports=jdk.compiler/com.sun.tools.javac.api=ALL-UNNAMED --add-exports=jdk.compiler/com.sun.tools.javac.util=ALL-UNNAMED --add-opens=java.base/java.util=ALL-UNNAMED --add-opens=java.prefs/java.util.prefs=ALL-UNNAMED --add-opens=java.base/java.nio.charset=ALL-UNNAMED --add-opens=java.base/java.net=ALL-UNNAMED --add-opens=java.base/java.util.concurrent=ALL-UNNAMED --add-opens=java.base/java.util.concurrent.atomic=ALL-UNNAMED --add-opens=java.xml/javax.xml.namespace=ALL-UNNAMED --add-opens=java.base/java.time=ALL-UNNAMED -Xmx2048m -Dfile.encoding=UTF-8 -Duser.country=MX -Duser.language=es -Duser.variant -javaagent:C:\Users\jonat\.gradle\wrapper\dists\gradle-9.3.1-bin\23ovyewtku6u96viwx3xl3oks\gradle-9.3.1\lib\agents\gradle-instrumentation-agent-9.3.1.jar 
java_command: org.gradle.launcher.daemon.bootstrap.GradleDaemon 9.3.1
java_class_path (initial): C:\Users\jonat\.gradle\wrapper\dists\gradle-9.3.1-bin\23ovyewtku6u96viwx3xl3oks\gradle-9.3.1\lib\gradle-daemon-main-9.3.1.jar
Launcher Type: SUN_STANDARD

[Global flags]
     intx CICompilerCount                          = 4                                         {product} {ergonomic}
     uint ConcGCThreads                            = 3                                         {product} {ergonomic}
     uint G1ConcRefinementThreads                  = 10                                        {product} {ergonomic}
   size_t G1HeapRegionSize                         = 1048576                                   {product} {ergonomic}
    uintx GCDrainStackTargetSize                   = 64                                        {product} {ergonomic}
   size_t InitialHeapSize                          = 123731968                                 {product} {ergonomic}
   size_t MarkStackSize                            = 4194304                                   {product} {ergonomic}
   size_t MaxHeapSize                              = 2147483648                                {product} {command line}
   size_t MaxNewSize                               = 1287651328                                {product} {ergonomic}
   size_t MinHeapDeltaBytes                        = 1048576                                   {product} {ergonomic}
   size_t MinHeapSize                              = 8388608                                   {product} {ergonomic}
    uintx NonNMethodCodeHeapSize                   = 5839372                                {pd product} {ergonomic}
    uintx NonProfiledCodeHeapSize                  = 122909434                              {pd product} {ergonomic}
    uintx ProfiledCodeHeapSize                     = 122909434                              {pd product} {ergonomic}
    uintx ReservedCodeCacheSize                    = 251658240                              {pd product} {ergonomic}
     bool SegmentedCodeCache                       = true                                      {product} {ergonomic}
   size_t SoftMaxHeapSize                          = 2147483648                             {manageable} {ergonomic}
     bool UseCompressedOops                        = true                           {product lp64_product} {ergonomic}
     bool UseG1GC                                  = true                                      {product} {ergonomic}
     bool UseLargePagesIndividualAllocation        = false                                  {pd product} {ergonomic}

Logging:
Log output configuration:
 #0: stdout all=warning uptime,level,tags foldmultilines=false
 #1: stderr all=off uptime,level,tags foldmultilines=false

Release file:
JAVA_VERSION="21.0.9" 
MODULES="java.base java.compiler java.datatransfer java.xml java.prefs java.desktop java.instrument java.logging java.management java.security.sasl java.naming java.rmi java.management.rmi java.net.http java.scripting java.security.jgss java.transaction.xa java.sql java.sql.rowset java.xml.crypto java.se java.smartcardio jdk.accessibility jdk.internal.jvmstat jdk.attach jdk.charsets jdk.internal.opt jdk.zipfs jdk.compiler jdk.crypto.ec jdk.crypto.cryptoki jdk.dynalink jdk.hotspot.agent jdk.httpserver jdk.internal.ed jdk.internal.le jdk.internal.vm.ci jdk.jartool jdk.javadoc jdk.jcmd jdk.jdeps jdk.jdwp.agent jdk.jdi jdk.jfr jdk.jlink jdk.jsobject jdk.localedata jdk.management jdk.management.agent jdk.management.jfr jdk.naming.dns jdk.naming.rmi jdk.net jdk.sctp jdk.security.auth jdk.security.jgss jdk.unsupported jdk.unsupported.desktop jdk.xml.dom" 
IMPLEMENTOR="JetBrains s.r.o." 
JAVA_RUNTIME_VERSION="21.0.9+-14787801-b1163.94" 
LIBC="default" 
OS_ARCH="x86_64" 
OS_NAME="Windows" 
SOURCE=".:git:0c757ddc9f2f" 

Environment Variables:
JAVA_HOME=C:\Program Files\Java\jdk-25.0.2
PATH=C:\Program Files\Common Files\Oracle\Java\javapath;C:\WINDOWS\system32;C:\WINDOWS;C:\WINDOWS\System32\Wbem;C:\WINDOWS\System32\WindowsPowerShell\v1.0\;C:\WINDOWS\System32\OpenSSH\;C:\Program Files (x86)\NVIDIA Corporation\PhysX\Common;C:\Program Files\NVIDIA Corporation\NVIDIA NvDLISR;C:\Program Files\dotnet\;C:\Program Files\Git\cmd;C:\Program Files\Java\jdk-25.0.2\bin;C:\Users\jonat\anaconda3\condabin;C:\Users\jonat\AppData\Local\Programs\Python\Python314;C:\Users\jonat\AppData\Local\Programs\Python\Python314\Scripts;C:\Users\jonat\AppData\Local\Microsoft\WindowsApps;C:\MinGW\bin;C:\SQlite3;C:\Users\jonat\AppData\Local\Programs\Microsoft VS Code\bin;C:\Users\jonat\AppData\Local\Programs\Antigravity\bin;C:\Users\jonat\AppData\Local\Programs\Ollama
USERNAME=jonat
OS=Windows_NT
PROCESSOR_IDENTIFIER=AMD64 Family 25 Model 68 Stepping 1, AuthenticAMD
TMP=C:\Users\jonat\AppData\Local\Temp
TEMP=C:\Users\jonat\AppData\Local\Temp




Periodic native trim disabled

JNI global refs:
JNI global refs: 29, weak refs: 76

JNI global refs memory usage: 835, weak refs: 1465

Process memory usage:
Resident Set Size: 546440K (7% of 7678756K total physical memory with 8600K free physical memory)

OOME stack traces (most recent first):
Classloader memory used:
Loader org.gradle.internal.classloader.VisitableURLClassLoader                         : 46343K
Loader org.gradle.internal.classloader.VisitableURLClassLoader$InstrumentingVisitableURLClassLoader: 45322K
Loader bootstrap                                                                       : 29879K
Loader org.gradle.initialization.MixInLegacyTypesClassLoader                           : 13437K
Loader jdk.internal.reflect.DelegatingClassLoader                                      : 503K
Loader jdk.internal.loader.ClassLoaders$AppClassLoader                                 : 233K
Loader org.gradle.internal.classloader.VisitableURLClassLoader                         : 227K
Loader jdk.internal.loader.ClassLoaders$PlatformClassLoader                            : 203K
Loader org.gradle.groovy.scripts.internal.DefaultScriptCompilationHandler$ScriptClassLoader: 160K

Classes loaded by more than one classloader:
Class Program                                                                         : loaded 5 times (x 72B)
Class Build_gradle                                                                    : loaded 3 times (x 126B)
Class com.google.common.collect.RegularImmutableMap$KeySet                            : loaded 2 times (x 152B)
Class org.gradle.internal.classloader.FilteringClassLoader                            : loaded 2 times (x 105B)
Class com.google.common.base.CharMatcher$IsEither                                     : loaded 2 times (x 111B)
Class ijJvmDebugger1_9a8ie7f7qys2ue8t2jkmdzlgy$_run_closure1                          : loaded 2 times (x 139B)
Class org.gradle.internal.classloader.ClassLoaderHierarchy                            : loaded 2 times (x 70B)
Class com.google.common.collect.ImmutableEnumSet                                      : loaded 2 times (x 146B)
Class com.google.common.util.concurrent.ExecutionError                                : loaded 2 times (x 82B)
Class com.google.common.collect.ImmutableList$1                                       : loaded 2 times (x 97B)
Class org.gradle.api.internal.classpath.ManifestUtil                                  : loaded 2 times (x 71B)
Class com.google.common.io.ByteArrayDataOutput                                        : loaded 2 times (x 70B)
Class com.google.common.collect.RegularImmutableMap                                   : loaded 2 times (x 121B)
Class com.google.common.collect.ImmutableMap$MapViewOfValuesAsSingletonSets           : loaded 2 times (x 126B)
Class [Lorg.objectweb.asm.Symbol;                                                     : loaded 2 times (x 69B)
Class org.objectweb.asm.ClassVisitor                                                  : loaded 2 times (x 88B)
Class com.google.common.collect.UnmodifiableListIterator                              : loaded 2 times (x 95B)
Class com.google.common.base.Platform$JdkPatternCompiler                              : loaded 2 times (x 75B)
Class org.objectweb.asm.MethodTooLargeException                                       : loaded 2 times (x 83B)
Class [Lcom.google.common.cache.CacheBuilder$OneWeigher;                              : loaded 2 times (x 69B)
Class com.google.common.base.Suppliers                                                : loaded 2 times (x 71B)
Class ijKotlinCoroutineJvmDebugInit1_7nns07g7e0njlqxicli31j8qp                        : loaded 2 times (x 171B)
Class org.gradle.internal.classloader.DefaultClassLoaderFactory                       : loaded 2 times (x 82B)
Class org.gradle.internal.classloader.ClassLoaderVisitor                              : loaded 2 times (x 76B)
Class [Lcom.google.common.collect.ImmutableMapEntry;                                  : loaded 2 times (x 69B)
Class org.gradle.api.internal.classpath.EffectiveClassPath                            : loaded 2 times (x 90B)
Class com.google.common.collect.ListMultimap                                          : loaded 2 times (x 70B)
Class com.google.common.collect.ImmutableEnumMap                                      : loaded 2 times (x 126B)
Class com.google.common.collect.ImmutableSet$SerializedForm                           : loaded 2 times (x 73B)
Class com.google.common.collect.Sets$1                                                : loaded 2 times (x 139B)
Class org.objectweb.asm.AnnotationVisitor                                             : loaded 2 times (x 78B)
Class org.gradle.api.internal.DefaultClassPathProvider                                : loaded 2 times (x 76B)
Class com.google.common.collect.Sets$2                                                : loaded 2 times (x 139B)
Class [Lorg.gradle.api.internal.ClassPathProvider;                                    : loaded 2 times (x 69B)
Class org.gradle.api.internal.ClassPathProvider                                       : loaded 2 times (x 70B)
Class [Lorg.objectweb.asm.AnnotationVisitor;                                          : loaded 2 times (x 69B)
Class com.google.common.collect.Sets$3                                                : loaded 2 times (x 139B)
Class com.google.common.cache.LocalCache$LocalLoadingCache                            : loaded 2 times (x 134B)
Class org.gradle.internal.service.UnknownServiceException                             : loaded 2 times (x 83B)
Class com.google.common.io.ByteArrayDataInput                                         : loaded 2 times (x 70B)
Class com.google.common.collect.Sets$4                                                : loaded 2 times (x 139B)
Class org.objectweb.asm.ModuleVisitor                                                 : loaded 2 times (x 81B)
Class com.google.common.cache.LocalCache$Strength$1                                   : loaded 2 times (x 81B)
Class com.google.common.util.concurrent.SettableFuture                                : loaded 2 times (x 114B)
Class com.google.common.cache.LocalCache$Strength$2                                   : loaded 2 times (x 81B)
Class com.google.common.io.ByteStreams                                                : loaded 2 times (x 71B)
Class com.google.common.cache.LocalCache$Strength$3                                   : loaded 2 times (x 81B)
Class com.google.common.collect.MapDifference                                         : loaded 2 times (x 70B)
Class org.objectweb.asm.FieldWriter                                                   : loaded 2 times (x 78B)
Class com.google.common.cache.CacheBuilder$NullListener                               : loaded 2 times (x 82B)
Class org.gradle.internal.classpath.TransformedClassPath                              : loaded 2 times (x 96B)
Class org.gradle.internal.classloader.InstrumentingClassLoader                        : loaded 2 times (x 70B)
Class com.google.common.cache.CacheLoader$FunctionToCacheLoader                       : loaded 2 times (x 75B)
Class com.google.common.collect.Iterators$ArrayItr                                    : loaded 2 times (x 97B)
Class com.google.common.collect.ImmutableCollection$Builder                           : loaded 2 times (x 76B)
Class ijKotlinCoroutineJvmDebugInit1_7nns07g7e0njlqxicli31j8qp$_run_closure1$_closure2: loaded 2 times (x 139B)
Class com.google.common.base.Joiner                                                   : loaded 2 times (x 79B)
Class com.google.common.base.Equivalence$Identity                                     : loaded 2 times (x 82B)
Class com.google.common.collect.Platform                                              : loaded 2 times (x 71B)
Class [Lorg.objectweb.asm.Type;                                                       : loaded 2 times (x 69B)
Class com.google.common.collect.UnmodifiableIterator                                  : loaded 2 times (x 80B)
Class org.gradle.internal.service.ServiceLocator                                      : loaded 2 times (x 70B)
Class com.google.common.base.Ascii                                                    : loaded 2 times (x 71B)
Class com.google.common.cache.LocalCache$1                                            : loaded 2 times (x 89B)
Class com.google.common.collect.SingletonImmutableBiMap                               : loaded 2 times (x 143B)
Class com.google.common.collect.Iterators$SingletonIterator                           : loaded 2 times (x 81B)
Class com.google.common.collect.AbstractMapEntry                                      : loaded 2 times (x 81B)
Class com.google.common.collect.Sets$ImprovedAbstractSet                              : loaded 2 times (x 135B)
Class com.google.common.collect.ImmutableList$Builder                                 : loaded 2 times (x 77B)
Class com.google.common.collect.AbstractMultimap                                      : loaded 2 times (x 123B)
Class com.google.common.cache.LocalCache$2                                            : loaded 2 times (x 142B)
Class com.google.common.collect.RegularImmutableAsList                                : loaded 2 times (x 217B)
Class com.google.common.util.concurrent.AbstractFuture$Trusted                        : loaded 2 times (x 70B)
Class com.google.common.collect.Iterators                                             : loaded 2 times (x 71B)
Class com.google.common.collect.Lists$StringAsImmutableList                           : loaded 2 times (x 207B)
Class com.google.common.util.concurrent.UncheckedExecutionException                   : loaded 2 times (x 82B)
Class org.gradle.kotlin.dsl.VersionCatalogAccessorsKt                                 : loaded 2 times (x 71B)
Class com.google.common.collect.AbstractMapBasedMultimap$KeySet$1                     : loaded 2 times (x 82B)
Class org.objectweb.asm.ClassWriter                                                   : loaded 2 times (x 106B)
Class com.google.common.base.CharMatcher$And                                          : loaded 2 times (x 112B)
Class com.google.common.cache.CacheLoader$UnsupportedLoadingOperationException        : loaded 2 times (x 82B)
Class org.gradle.internal.classloader.ClasspathUtil$1                                 : loaded 2 times (x 76B)
Class com.google.common.base.Objects                                                  : loaded 2 times (x 71B)
Class org.objectweb.asm.FieldVisitor                                                  : loaded 2 times (x 77B)
Class com.google.common.collect.IndexedImmutableSet                                   : loaded 2 times (x 152B)
Class com.google.common.collect.ImmutableMap$1                                        : loaded 2 times (x 81B)
Class com.google.common.collect.BiMap                                                 : loaded 2 times (x 70B)
Class org.gradle.api.internal.classpath.DefaultModuleRegistry$DefaultModule           : loaded 2 times (x 86B)
Class com.google.common.primitives.Ints                                               : loaded 2 times (x 71B)
Class com.google.common.collect.AbstractIterator                                      : loaded 2 times (x 82B)
Class com.google.common.collect.ObjectArrays                                          : loaded 2 times (x 71B)
Class com.google.common.math.MathPreconditions                                        : loaded 2 times (x 71B)
Class com.google.common.collect.Multiset                                              : loaded 2 times (x 70B)
Class com.google.common.collect.ArrayListMultimapGwtSerializationDependencies         : loaded 2 times (x 172B)
Class com.google.common.collect.AbstractIndexedListIterator                           : loaded 2 times (x 96B)
Class ijJvmDebugger1_9a8ie7f7qys2ue8t2jkmdzlgy                                        : loaded 2 times (x 171B)
Class com.google.common.collect.ImmutableMapEntrySet                                  : loaded 2 times (x 152B)
Class org.gradle.api.internal.classpath.Module                                        : loaded 2 times (x 70B)
Class com.google.common.cache.Weigher                                                 : loaded 2 times (x 70B)
Class org.gradle.api.internal.classpath.UnknownModuleException                        : loaded 2 times (x 82B)
Class com.google.common.base.Stopwatch                                                : loaded 2 times (x 72B)
Class com.google.common.cache.LocalCache$Strength                                     : loaded 2 times (x 81B)
Class com.google.common.cache.Cache                                                   : loaded 2 times (x 70B)
Class com.google.common.base.NullnessCasts                                            : loaded 2 times (x 71B)
Class com.google.common.util.concurrent.AbstractFuture$Cancellation                   : loaded 2 times (x 72B)
Class com.google.common.collect.ImmutableMap$Builder                                  : loaded 2 times (x 82B)
Class com.google.common.cache.RemovalListener                                         : loaded 2 times (x 70B)
Class org.gradle.api.internal.DefaultClassPathRegistry                                : loaded 2 times (x 76B)
Class com.google.common.primitives.IntsMethodsForWeb                                  : loaded 2 times (x 71B)
Class com.google.common.collect.Multimap                                              : loaded 2 times (x 70B)
Class org.gradle.api.internal.ClassPathRegistry                                       : loaded 2 times (x 70B)
Class org.gradle.internal.classpath.DefaultClassPath$ImmutableUniqueList              : loaded 2 times (x 199B)
Class com.google.common.base.ExtraObjectsMethodsForWeb                                : loaded 2 times (x 71B)
Class ijJvmDebugger1_9a8ie7f7qys2ue8t2jkmdzlgy$_run_closure1$_closure2                : loaded 2 times (x 140B)
Class com.google.common.base.MoreObjects                                              : loaded 2 times (x 71B)
Class com.google.common.cache.CacheBuilder                                            : loaded 2 times (x 72B)
Class com.google.common.collect.SingletonImmutableList                                : loaded 2 times (x 207B)
Class Settings_gradle$1                                                               : loaded 2 times (x 74B)
Class org.gradle.internal.classpath.ClassPath                                         : loaded 2 times (x 70B)
Class com.google.common.base.JdkPattern                                               : loaded 2 times (x 75B)
Class com.google.common.collect.ImmutableList$ReverseImmutableList                    : loaded 2 times (x 209B)
Class org.objectweb.asm.SymbolTable$Entry                                             : loaded 2 times (x 74B)
Class org.gradle.internal.Factory                                                     : loaded 2 times (x 70B)
Class org.objectweb.asm.Edge                                                          : loaded 2 times (x 72B)
Class com.google.common.base.Suppliers$SupplierOfInstance                             : loaded 2 times (x 79B)
Class com.google.common.collect.Iterators$1                                           : loaded 2 times (x 81B)
Class com.google.common.cache.LocalCache$ComputingValueReference                      : loaded 2 times (x 96B)
Class com.google.common.collect.SingletonImmutableSet                                 : loaded 2 times (x 146B)
Class com.google.common.collect.ImmutableMap$IteratorBasedImmutableMap                : loaded 2 times (x 126B)
Class com.google.common.cache.LocalCache$Segment                                      : loaded 2 times (x 154B)
Class com.google.common.collect.AbstractListMultimap                                  : loaded 2 times (x 172B)
Class [Lorg.objectweb.asm.SymbolTable$Entry;                                          : loaded 2 times (x 69B)
Class com.google.common.cache.CacheLoader                                             : loaded 2 times (x 74B)
Class com.google.common.collect.Iterators$4                                           : loaded 2 times (x 82B)
Class com.google.common.collect.ImmutableBiMap                                        : loaded 2 times (x 143B)
Class org.gradle.api.internal.classpath.ModuleRegistry                                : loaded 2 times (x 70B)
Class org.gradle.internal.installation.GradleInstallation$1                           : loaded 2 times (x 75B)
Class com.google.common.collect.ImmutableSet$JdkBackedSetBuilderImpl                  : loaded 2 times (x 76B)
Class com.google.common.util.concurrent.internal.InternalFutureFailureAccess          : loaded 2 times (x 72B)
Class com.google.common.collect.Iterators$5                                           : loaded 2 times (x 82B)
Class com.google.common.base.CharMatcher$ForPredicate                                 : loaded 2 times (x 112B)
Class com.google.common.cache.LocalCache$LocalManualCache$1                           : loaded 2 times (x 75B)
Class com.google.common.base.CharMatcher$AnyOf                                        : loaded 2 times (x 112B)
Class com.google.common.collect.ImmutableCollection                                   : loaded 2 times (x 125B)
Class org.gradle.api.internal.classpath.DefaultModuleRegistry                         : loaded 2 times (x 86B)
Class com.google.common.collect.Lists                                                 : loaded 2 times (x 71B)
Class com.google.common.util.concurrent.ListenableFuture                              : loaded 2 times (x 70B)
Class com.google.common.cache.ReferenceEntry                                          : loaded 2 times (x 70B)
Class com.google.common.base.Converter                                                : loaded 2 times (x 90B)
Class com.google.common.collect.ImmutableSet$CachingAsList                            : loaded 2 times (x 148B)
Class com.google.common.collect.AbstractMapBasedMultimap                              : loaded 2 times (x 139B)
Class com.google.common.util.concurrent.AbstractFuture                                : loaded 2 times (x 106B)
Class com.google.common.base.FunctionalEquivalence                                    : loaded 2 times (x 83B)
Class com.google.common.collect.Iterators$9                                           : loaded 2 times (x 81B)
Class com.google.common.collect.ImmutableAsList                                       : loaded 2 times (x 209B)
Class org.objectweb.asm.RecordComponentVisitor                                        : loaded 2 times (x 77B)
Class com.google.common.cache.CacheLoader$SupplierToCacheLoader                       : loaded 2 times (x 75B)
Class org.gradle.internal.service.ServiceLookupException                              : loaded 2 times (x 82B)
Class [Lcom.google.common.cache.LocalCache$EntryFactory;                              : loaded 2 times (x 69B)
Class org.gradle.internal.classloader.ClassLoaderFactory                              : loaded 2 times (x 70B)
Class com.google.common.base.CommonPattern                                            : loaded 2 times (x 74B)
Class com.google.common.base.CharMatcher$IsNot                                        : loaded 2 times (x 111B)
Class com.google.common.cache.LocalCache$LocalManualCache                             : loaded 2 times (x 99B)
Class org.gradle.internal.service.CachingServiceLocator                               : loaded 2 times (x 82B)
Class com.google.common.collect.AbstractMapBasedMultimap$KeySet                       : loaded 2 times (x 137B)
Class com.google.common.math.IntMath                                                  : loaded 2 times (x 71B)
Class com.google.common.collect.ImmutableMapEntry                                     : loaded 2 times (x 85B)
Class com.google.common.base.Equivalence                                              : loaded 2 times (x 82B)
Class com.google.common.base.Function                                                 : loaded 2 times (x 70B)
Class com.google.common.collect.ImmutableMapEntry$NonTerminalImmutableMapEntry        : loaded 2 times (x 85B)
Class com.google.common.cache.CacheBuilder$OneWeigher                                 : loaded 2 times (x 82B)
Class com.google.common.collect.RegularImmutableList                                  : loaded 2 times (x 213B)
Class org.gradle.internal.classloader.ClasspathUtil                                   : loaded 2 times (x 71B)
Class com.google.common.util.concurrent.Uninterruptibles                              : loaded 2 times (x 71B)
Class com.google.common.util.concurrent.LazyLogger                                    : loaded 2 times (x 72B)
Class com.google.common.collect.Maps                                                  : loaded 2 times (x 71B)
Class ijKotlinCoroutineJvmDebugInit1_7nns07g7e0njlqxicli31j8qp$_run_closure1          : loaded 2 times (x 139B)
Class org.gradle.api.specs.Spec                                                       : loaded 2 times (x 70B)
Class [Lcom.google.common.collect.ImmutableEntry;                                     : loaded 2 times (x 69B)
Class com.google.common.cache.LocalCache$LoadingValueReference                        : loaded 2 times (x 96B)
Class com.google.common.base.Platform                                                 : loaded 2 times (x 71B)
Class [Lorg.objectweb.asm.AnnotationWriter;                                           : loaded 2 times (x 69B)
Class com.google.common.collect.Maps$8                                                : loaded 2 times (x 82B)
Class com.google.common.collect.Sets$SetView                                          : loaded 2 times (x 138B)
Class com.google.common.cache.LocalCache$StrongValueReference                         : loaded 2 times (x 90B)
Class org.objectweb.asm.Type                                                          : loaded 2 times (x 72B)
Class org.gradle.internal.classloader.VisitableURLClassLoader$InstrumentingVisitableURLClassLoader: loaded 2 times (x 123B)
Class com.google.common.math.IntMath$1                                                : loaded 2 times (x 71B)
Class org.objectweb.asm.ByteVector                                                    : loaded 2 times (x 79B)
Class [Lcom.google.common.cache.CacheBuilder$NullListener;                            : loaded 2 times (x 69B)
Class org.gradle.internal.classloader.VisitableURLClassLoader$Spec                    : loaded 2 times (x 74B)
Class org.gradle.internal.classpath.DefaultClassPath                                  : loaded 2 times (x 90B)
Class org.objectweb.asm.Symbol                                                        : loaded 2 times (x 73B)
Class com.google.common.io.Closer                                                     : loaded 2 times (x 78B)
Class com.google.common.base.CharMatcher$BitSetMatcher                                : loaded 2 times (x 112B)
Class com.google.common.collect.RegularImmutableMap$Values                            : loaded 2 times (x 207B)
Class com.google.common.collect.ImmutableSet                                          : loaded 2 times (x 145B)
Class org.gradle.internal.classloader.ClassLoaderSpec                                 : loaded 2 times (x 71B)
Class org.objectweb.asm.AnnotationWriter                                              : loaded 2 times (x 79B)
Class com.google.common.cache.CacheStats                                              : loaded 2 times (x 71B)
Class com.google.common.io.Closer$Suppressor                                          : loaded 2 times (x 70B)
Class org.objectweb.asm.RecordComponentWriter                                         : loaded 2 times (x 78B)
Class com.google.common.util.concurrent.AbstractFuture$Listener                       : loaded 2 times (x 72B)
Class com.google.common.base.CharMatcher$Or                                           : loaded 2 times (x 112B)
Class Settings_gradle$1$1                                                             : loaded 2 times (x 74B)
Class org.objectweb.asm.Attribute                                                     : loaded 2 times (x 77B)
Class com.google.common.base.Supplier                                                 : loaded 2 times (x 70B)
Class org.gradle.internal.classloader.VisitableURLClassLoader                         : loaded 2 times (x 117B)
Class Settings_gradle                                                                 : loaded 2 times (x 124B)
Class org.gradle.internal.Cast                                                        : loaded 2 times (x 71B)
Class org.gradle.api.Action                                                           : loaded 2 times (x 70B)
Class com.google.common.base.Strings                                                  : loaded 2 times (x 71B)
Class com.google.common.collect.Sets                                                  : loaded 2 times (x 71B)
Class org.objectweb.asm.Handler                                                       : loaded 2 times (x 72B)
Class com.google.common.base.CharMatcher$FastMatcher                                  : loaded 2 times (x 111B)
Class com.google.common.base.Ticker                                                   : loaded 2 times (x 72B)
Class [Lcom.google.common.cache.LocalCache$Segment;                                   : loaded 2 times (x 69B)
Class com.google.common.base.Predicate                                                : loaded 2 times (x 70B)
Class [Lcom.google.common.cache.LocalCache$Strength;                                  : loaded 2 times (x 69B)
Class com.google.common.cache.CacheBuilder$1                                          : loaded 2 times (x 85B)
Class com.google.common.collect.ImmutableMap                                          : loaded 2 times (x 120B)
Class org.gradle.internal.classpath.DefaultClassPath$ImmutableUniqueList$Builder      : loaded 2 times (x 75B)
Class com.google.common.base.CharMatcher$NegatedFastMatcher                           : loaded 2 times (x 113B)
Class com.google.common.cache.LocalCache                                              : loaded 2 times (x 187B)
Class com.google.common.cache.CacheBuilder$2                                          : loaded 2 times (x 79B)
Class com.google.common.collect.ArrayListMultimap                                     : loaded 2 times (x 172B)
Class com.google.common.cache.CacheBuilder$3                                          : loaded 2 times (x 72B)
Class [Lcom.google.common.collect.AbstractMapEntry;                                   : loaded 2 times (x 69B)
Class com.google.common.collect.ImmutableEntry                                        : loaded 2 times (x 82B)
Class org.gradle.api.GradleException                                                  : loaded 2 times (x 82B)
Class com.google.common.base.Suppliers$MemoizingSupplier                              : loaded 2 times (x 79B)
Class com.google.common.collect.CollectPreconditions                                  : loaded 2 times (x 71B)
Class com.google.common.collect.SortedMapDifference                                   : loaded 2 times (x 70B)
Class com.google.common.cache.LocalCache$EntryFactory                                 : loaded 2 times (x 83B)
Class com.google.common.cache.LocalCache$AbstractReferenceEntry                       : loaded 2 times (x 107B)
Class org.gradle.internal.IoActions                                                   : loaded 2 times (x 71B)
Class org.objectweb.asm.SymbolTable                                                   : loaded 2 times (x 72B)
Class com.google.common.cache.CacheLoader$InvalidCacheLoadException                   : loaded 2 times (x 82B)
Class com.google.common.collect.ImmutableSet$RegularSetBuilderImpl                    : loaded 2 times (x 77B)
Class org.gradle.internal.classloader.SystemClassLoaderSpec                           : loaded 2 times (x 71B)
Class com.google.common.cache.LocalCache$StrongEntry                                  : loaded 2 times (x 108B)
Class com.google.common.util.concurrent.AbstractFuture$TrustedFuture                  : loaded 2 times (x 114B)
Class com.google.common.cache.LoadingCache                                            : loaded 2 times (x 70B)
Class com.google.common.io.ByteStreams$LimitedInputStream                             : loaded 2 times (x 92B)
Class com.google.common.base.Suppliers$NonSerializableMemoizingSupplier               : loaded 2 times (x 79B)
Class org.objectweb.asm.MethodWriter                                                  : loaded 2 times (x 106B)
Class [Lcom.google.common.cache.Weigher;                                              : loaded 2 times (x 69B)
Class com.google.common.collect.RegularImmutableMap$BucketOverflowException           : loaded 2 times (x 82B)
Class com.google.common.base.CharMatcher$Negated                                      : loaded 2 times (x 113B)
Class com.google.common.base.CharMatcher$Is                                           : loaded 2 times (x 111B)
Class com.google.common.cache.LocalCache$ValueReference                               : loaded 2 times (x 70B)
Class com.google.common.collect.RegularImmutableBiMap                                 : loaded 2 times (x 149B)
Class com.google.common.base.PatternCompiler                                          : loaded 2 times (x 70B)
Class com.google.common.util.concurrent.AbstractFuture$Failure                        : loaded 2 times (x 72B)
Class com.google.common.base.Equivalence$Equals                                       : loaded 2 times (x 82B)
Class com.google.common.collect.Hashing                                               : loaded 2 times (x 71B)
Class com.google.common.base.Preconditions                                            : loaded 2 times (x 71B)
Class com.google.common.base.Joiner$1                                                 : loaded 2 times (x 80B)
Class org.objectweb.asm.Label                                                         : loaded 2 times (x 73B)
Class org.objectweb.asm.CurrentFrame                                                  : loaded 2 times (x 73B)
Class org.objectweb.asm.ClassTooLargeException                                        : loaded 2 times (x 83B)
Class com.google.common.base.CharMatcher                                              : loaded 2 times (x 111B)
Class com.google.common.collect.PeekingIterator                                       : loaded 2 times (x 70B)
Class com.google.common.collect.Maps$IteratorBasedAbstractMap                         : loaded 2 times (x 125B)
Class com.google.common.base.Joiner$2                                                 : loaded 2 times (x 79B)
Class org.objectweb.asm.Frame                                                         : loaded 2 times (x 73B)
Class org.objectweb.asm.MethodVisitor                                                 : loaded 2 times (x 105B)
Class com.google.common.base.CharMatcher$1                                            : loaded 2 times (x 113B)
Class com.google.common.base.CharMatcher$NamedFastMatcher                             : loaded 2 times (x 112B)
Class com.google.common.cache.LocalCache$EntryFactory$1                               : loaded 2 times (x 83B)
Class [Lcom.google.common.cache.RemovalListener;                                      : loaded 2 times (x 69B)
Class com.google.common.cache.LocalCache$EntryFactory$2                               : loaded 2 times (x 83B)
Class org.gradle.api.internal.classpath.GlobalCacheRootsProvider                      : loaded 2 times (x 70B)
Class org.objectweb.asm.ModuleWriter                                                  : loaded 2 times (x 82B)
Class com.google.common.cache.LocalCache$EntryFactory$3                               : loaded 2 times (x 83B)
Class com.google.common.base.Ticker$1                                                 : loaded 2 times (x 72B)
Class com.google.common.collect.Maps$BiMapConverter                                   : loaded 2 times (x 90B)
Class com.google.common.collect.ImmutableMapEntrySet$RegularEntrySet                  : loaded 2 times (x 152B)
Class com.google.common.collect.ImmutableSet$Builder                                  : loaded 2 times (x 85B)
Class com.google.common.base.CharMatcher$InRange                                      : loaded 2 times (x 111B)
Class com.google.common.cache.LocalCache$EntryFactory$4                               : loaded 2 times (x 83B)
Class Settings_gradle$1$1$1                                                           : loaded 2 times (x 74B)
Class com.google.common.io.ByteStreams$1                                              : loaded 2 times (x 85B)
Class com.google.common.cache.LocalCache$EntryFactory$5                               : loaded 2 times (x 83B)
Class com.google.common.base.PairwiseEquivalence                                      : loaded 2 times (x 83B)
Class com.google.common.cache.LocalCache$EntryFactory$6                               : loaded 2 times (x 83B)
Class org.gradle.internal.installation.CurrentGradleInstallationLocator               : loaded 2 times (x 71B)
Class com.google.common.collect.Maps$KeySet                                           : loaded 2 times (x 137B)
Class com.google.common.collect.ImmutableSet$EmptySetBuilderImpl                      : loaded 2 times (x 76B)
Class com.google.common.cache.LocalCache$EntryFactory$7                               : loaded 2 times (x 83B)
Class com.google.common.collect.ImmutableList                                         : loaded 2 times (x 206B)
Class org.gradle.internal.service.DefaultServiceLocator                               : loaded 2 times (x 83B)
Class com.google.common.cache.LocalCache$EntryFactory$8                               : loaded 2 times (x 83B)
Class com.google.common.collect.ImmutableSet$SetBuilderImpl                           : loaded 2 times (x 76B)
Class org.gradle.internal.installation.CurrentGradleInstallation                      : loaded 2 times (x 73B)
Class com.google.common.cache.CacheLoader$1                                           : loaded 2 times (x 75B)
Class com.google.common.collect.ForwardingObject                                      : loaded 2 times (x 72B)
Class com.google.common.collect.ImmutableList$SubList                                 : loaded 2 times (x 209B)
Class org.gradle.util.internal.GUtil                                                  : loaded 2 times (x 71B)
Class com.google.common.cache.AbstractCache$StatsCounter                              : loaded 2 times (x 70B)
Class com.google.common.collect.Iterators$MergingIterator                             : loaded 2 times (x 81B)
Class com.google.common.collect.RegularImmutableSet                                   : loaded 2 times (x 149B)
Class org.gradle.internal.installation.GradleInstallation                             : loaded 2 times (x 75B)
Class com.google.common.collect.Iterables                                             : loaded 2 times (x 71B)

---------------  S Y S T E M  ---------------

OS:
 Windows 11 , 64 bit Build 26100 (10.0.26100.7920)
OS uptime: 2 days 9:48 hours
Hyper-V role detected

CPU: total 12 (initial active 12) (12 cores per cpu, 2 threads per core) family 25 model 68 stepping 1 microcode 0xa404107, cx8, cmov, fxsr, ht, mmx, 3dnowpref, sse, sse2, sse3, ssse3, sse4a, sse4.1, sse4.2, popcnt, lzcnt, tsc, tscinvbit, avx, avx2, aes, erms, clmul, bmi1, bmi2, adx, sha, fma, vzeroupper, clflush, clflushopt, hv, rdtscp, rdpid, fsrm, f16c, cet_ss
Processor Information for the first 12 processors :
  Max Mhz: 3301, Current Mhz: 3301, Mhz Limit: 3301

Memory: 4k page, system-wide physical 7498M (4M free)
TotalPageFile size 30026M (AvailPageFile size 144M)
current process WorkingSet (physical memory assigned to process): 469M, peak: 578M
current process commit charge ("private bytes"): 892M, peak: 1202M

vm_info: OpenJDK 64-Bit Server VM (21.0.9+-14787801-b1163.94) for windows-amd64 JRE (21.0.9+-14787801-b1163.94), built on 2026-01-27T21:15:44Z by "builder" with MS VC++ 16.10 / 16.11 (VS2019)

END.
